user_id,email,created_at,country,signup_source,age,device_type
u_00012,user12@example.com,21-09-2025 00:00,NL,web,30,mobile
u_00013,user13@example.com,2024-11-05,IT,partner,45,mobile
u_00705,user705@example.com,2025-08-07 00:00,FR,referral,45,desktop
u_00776,user776@example.com,2024-05-08T00:00:00Z,ES,web,46,desktop
u_00778,user778@example.com,2025/12/12 00:00:00,FR,referral,66,mobile
u_00623,user623@example.com,03/10/2024,NL,web,21,desktop
u_00733,user733@example.com,2025-10-02,FR,mobile,44,mobile
u_00651,user651@example.com,2024-10-01 00:00,UK,referral,31,desktop
u_00177,user177@example.com,2025-05-20 00:00,UK,web,47,mobile
u_00504,user504@example.com,18-01-2026 00:00,UK,web,39,tablet
u_00648,user648@example.com,05-04-2025 00:00,UK,web,39,mobile
u_00061,user61@example.com,2025-12-24,IT,mobile,21,desktop
u_00710,user710@example.com,2025-11-08T00:00:00Z,UK,mobile,63,mobile
u_00541,user541@example.com,2025-07-25,NL,web,33,mobile
u_00777,user777@example.com,2025-12-12 00:00,UK,mobile,48,mobile
u_00357,user357@example.com,2025-10-13 00:00,DE,web,66,mobile
u_00208,user208@example.com,2024/01/21 00:00:00,IT,web,61,desktop
u_00738,user738@example.com,04-02-2026 00:00,FR,mobile,61,desktop
u_00547,user547@example.com,2025-01-26,UK,web,43,desktop
u_00194,user194@example.com,2024-02-08T00:00:00Z,ES,web,46,mobile
u_00359,user359@example.com,28/11/2024,UK,web,25,mobile
u_00389,user389@example.com,05/05/2024,FR,web,60,tablet
u_00396,user396@example.com,19-10-2025 00:00,UK,web,39,mobile
u_00303,user303@example.com,2026-01-22 00:00,UK,mobile,30,mobile
u_00496,user496@example.com,2024/11/03 00:00:00,UK,web,59,desktop
u_00395,user395@example.com,21/12/2025,FR,referral,37,desktop
u_00459,user459@example.com,2024-11-05 00:00,DE,web,52,desktop
u_00757,user757@example.com,2024-09-19,FR,referral,23,desktop
u_00287,user287@example.com,26/01/2024,FR,mobile,61,desktop
u_00628,user628@example.com,2024/10/23 00:00:00,FR,web,25,desktop
u_00179,user179@example.com,12/09/2024,ES,web,66,desktop
u_00468,user468@example.com,03-10-2025 00:00,NL,partner,50,tablet
u_00349,user349@example.com,2024-03-11,UK,web,37,desktop
u_00152,user152@example.com,2025-10-14T00:00:00Z,ES,web,20,desktop
u_00048,user48@example.com,23-02-2024 00:00,FR,mobile,23,mobile
u_00282,user282@example.com,29-01-2024 00:00,FR,referral,44,mobile
u_00323,user323@example.com,23/10/2024,FR,referral,49,desktop
u_00295,user295@example.com,2025-01-26,ES,mobile,41,desktop
u_00029,user29@example.com,13/04/2025,FR,referral,65,desktop
u_00709,user709@example.com,2025-05-22,UK,web,47,mobile
u_00327,user327@example.com,2024-08-13 00:00,DE,web,30,desktop
u_00259,user259@example.com,2025-07-04,FR,mobile,31,desktop
u_00481,user481@example.com,2024-04-10,UK,web,55,desktop
u_00118,user118@example.com,2024/08/10 00:00:00,IT,web,32,mobile
u_00455,user455@example.com,19/05/2024,FR,web,35,desktop
u_00366,user366@example.com,17-01-2026 00:00,UK,referral,21,desktop
u_00546,user546@example.com,16-06-2024 00:00,UK,mobile,38,mobile
u_00149,user149@example.com,22/03/2024,UK,referral,31,desktop
u_00400,user400@example.com,2026/01/18 00:00:00,UK,mobile,67,desktop
u_00796,user796@example.com,2026/01/21 00:00:00,FR,mobile,36,tablet
u_00445,user445@example.com,2024-12-13,FR,web,36,tablet
u_00213,user213@example.com,2025-08-08 00:00,FR,web,49,mobile
u_00797,user797@example.com,05/01/2025,FR,web,45,desktop
u_00767,user767@example.com,07/06/2024,FR,web,29,desktop
u_00644,user644@example.com,2025-07-12T00:00:00Z,FR,web,59,desktop
u_00317,user317@example.com,18/07/2025,UK,web,31,mobile
u_00442,user442@example.com,2025/05/24 00:00:00,FR,web,63,mobile
u_00364,user364@example.com,2025/08/25 00:00:00,FR,web,61,desktop
u_00580,user580@example.com,2024/03/24 00:00:00,FR,web,44,tablet
u_00564,user564@example.com,05-01-2026 00:00,IT,web,62,desktop
u_00676,user676@example.com,2026/02/20 00:00:00,UK,web,45,desktop
u_00180,user180@example.com,26-12-2025 00:00,DE,web,49,desktop
u_00440,user440@example.com,2025-09-29T00:00:00Z,IT,web,64,mobile
u_00465,user465@example.com,2025-06-10 00:00,UK,mobile,61,desktop
u_00643,user643@example.com,2024-03-25,FR,web,65,desktop
u_00127,user127@example.com,2025-02-07,FR,web,38,desktop
u_00335,user335@example.com,29/05/2024,FR,partner,55,mobile
u_00690,user690@example.com,07-06-2024 00:00,UK,web,36,desktop
u_00330,user330@example.com,11-09-2025 00:00,FR,partner,49,desktop
u_00765,user765@example.com,2024-06-16 00:00,NL,mobile,22,mobile
u_00724,user724@example.com,2024/02/16 00:00:00,NL,mobile,65,desktop
u_00756,user756@example.com,16-06-2025 00:00,FR,mobile,44,mobile
u_00262,user262@example.com,2024/12/12 00:00:00,ES,mobile,50,tablet
u_00397,user397@example.com,2024-05-15,ES,web,66,desktop
u_00061,user61@example.com,2025-12-24,IT,mobile,21,desktop
u_00557,user557@example.com,27/01/2026,FR,web,54,desktop
u_00495,user495@example.com,2025-07-27 00:00,DE,web,65,mobile
u_00350,user350@example.com,2025-02-22T00:00:00Z,FR,referral,46,mobile
u_00541,user541@example.com,2025-07-25,NL,web,33,mobile
u_00522,user522@example.com,09-12-2024 00:00,UK,web,61,desktop
u_00663,user663@example.com,2025-09-30 00:00,FR,web,54,desktop
u_00479,user479@example.com,26/12/2024,IT,referral,37,desktop
u_00418,user418@example.com,2026/02/02 00:00:00,DE,mobile,52,desktop
u_00434,user434@example.com,2024-03-01T00:00:00Z,ES,mobile,28,desktop
u_00602,user602@example.com,2024-02-25T00:00:00Z,DE,web,53,tablet
u_00370,user370@example.com,2026/02/13 00:00:00,ES,web,18,desktop
u_00139,user139@example.com,2025-10-08,DE,referral,33,desktop
u_00237,user237@example.com,2024-04-27 00:00,UK,web,65,desktop
u_00662,user662@example.com,2025-04-27T00:00:00Z,ES,mobile,18,tablet
u_00268,user268@example.com,2024/04/23 00:00:00,FR,mobile,18,desktop
u_00073,user73@example.com,2024-02-25,ES,partner,21,mobile
u_00072,user72@example.com,03-11-2024 00:00,UK,web,67,mobile
u_00356,user356@example.com,2024-09-09T00:00:00Z,UK,web,62,tablet
u_00462,user462@example.com,07-07-2024 00:00,FR,web,22,desktop
u_00759,user759@example.com,2026-03-08 00:00,FR,mobile,45,tablet
u_00353,user353@example.com,01/11/2025,UK,web,31,mobile
u_00421,user421@example.com,2025-09-10,IT,web,33,mobile
u_00245,user245@example.com,30/04/2024,UK,web,60,desktop
u_00704,user704@example.com,2024-12-09T00:00:00Z,ES,web,55,desktop
u_00441,user441@example.com,2025-05-20 00:00,ES,referral,36,desktop
u_00038,user38@example.com,2025-04-20T00:00:00Z,UK,partner,21,mobile
u_00608,user608@example.com,2024-07-30T00:00:00Z,FR,web,60,desktop
u_00480,user480@example.com,09-11-2024 00:00,UK,mobile,28,desktop
u_00024,user24@example.com,30-04-2024 00:00,ES,mobile,68,desktop
u_00572,user572@example.com,2025-07-25T00:00:00Z,ES,partner,56,desktop
u_00085,user85@example.com,2025-01-22,FR,web,18,desktop
u_00332,user332@example.com,2025-01-23T00:00:00Z,FR,web,38,mobile
u_00214,user214@example.com,2024/02/13 00:00:00,DE,partner,66,desktop
u_00438,user438@example.com,17-07-2025 00:00,UK,web,60,desktop
u_00225,user225@example.com,2025-02-13 00:00,FR,mobile,63,mobile
u_00519,user519@example.com,2025-02-23 00:00,FR,mobile,57,desktop
u_00420,user420@example.com,07-08-2024 00:00,NL,web,36,desktop
u_00781,user781@example.com,2025-08-15,FR,referral,46,mobile
u_00134,user134@example.com,2025-05-10T00:00:00Z,FR,mobile,61,desktop
u_00761,user761@example.com,17/11/2024,IT,partner,42,mobile
u_00647,user647@example.com,06/07/2024,FR,referral,52,desktop
u_00251,user251@example.com,21/11/2025,IT,mobile,40,desktop
u_00267,user267@example.com,2024-09-03 00:00,FR,web,45,tablet
u_00760,user760@example.com,2025/02/21 00:00:00,UK,referral,25,desktop
u_00735,user735@example.com,2026-02-13 00:00,FR,web,22,desktop
u_00525,user525@example.com,2025-12-16 00:00,FR,web,65,desktop
u_00248,user248@example.com,2024-10-08T00:00:00Z,UK,mobile,50,mobile
u_00166,user166@example.com,2025/01/17 00:00:00,UK,web,23,desktop
u_00615,user615@example.com,2024-09-09 00:00,FR,web,34,mobile
u_00300,user300@example.com,29-04-2024 00:00,IT,web,33,desktop
u_00280,user280@example.com,2026/03/29 00:00:00,ES,web,44,mobile
u_00296,user296@example.com,2024-06-30T00:00:00Z,ES,web,26,desktop
u_00513,user513@example.com,2025-03-30 00:00,FR,mobile,28,desktop
u_00757,user757@example.com,2024-09-19,FR,referral,23,desktop
u_00355,user355@example.com,2024-10-04,UK,web,59,mobile
u_00197,user197@example.com,04/05/2024,UK,mobile,56,mobile
u_00681,user681@example.com,2026-03-25 00:00,FR,web,69,desktop
u_00768,user768@example.com,18-11-2025 00:00,FR,web,36,desktop
u_00750,user750@example.com,05-10-2024 00:00,ES,web,57,desktop
u_00449,user449@example.com,17/11/2025,FR,referral,64,desktop
u_00542,user542@example.com,2026-03-25T00:00:00Z,UK,referral,49,desktop
u_00448,user448@example.com,2024/12/31 00:00:00,UK,web,66,desktop
u_00779,user779@example.com,27/12/2024,DE,partner,41,desktop
u_00671,user671@example.com,22/02/2025,FR,referral,48,mobile
u_00074,user74@example.com,2024-10-28T00:00:00Z,FR,web,48,desktop
u_00531,user531@example.com,2026-02-09 00:00,IT,mobile,47,desktop
u_00452,user452@example.com,2025-12-14T00:00:00Z,ES,web,39,desktop
u_00301,user301@example.com,2024-03-15,DE,web,46,mobile
u_00310,user310@example.com,2025/02/12 00:00:00,FR,web,32,mobile
u_00020,user20@example.com,2025-11-24T00:00:00Z,IT,web,66,desktop
u_00611,user611@example.com,18/02/2026,UK,referral,19,tablet
u_00788,user788@example.com,2024-09-18T00:00:00Z,FR,mobile,69,desktop
u_00427,user427@example.com,2025-04-09,FR,web,34,mobile
u_00595,user595@example.com,2025-07-21,FR,referral,46,mobile
u_00501,user501@example.com,2025-10-22 00:00,DE,web,21,mobile
u_00043,user43@example.com,2024-10-08,IT,web,23,desktop
u_00200,user200@example.com,2025-05-02T00:00:00Z,FR,web,43,mobile
u_00124,user124@example.com,2025/02/06 00:00:00,UK,mobile,53,mobile
u_00195,user195@example.com,2025-05-16 00:00,FR,referral,51,mobile
u_00407,user407@example.com,23/08/2025,FR,mobile,54,desktop
u_00135,user135@example.com,2024-10-27 00:00,UK,mobile,37,mobile
u_00568,user568@example.com,2024/07/14 00:00:00,FR,web,48,desktop
u_00053,user53@example.com,20/02/2026,DE,referral,23,desktop
u_00105,user105@example.com,2025-07-29 00:00,DE,partner,27,desktop
u_00004,user4@example.com,2025/03/05 00:00:00,IT,mobile,59,mobile
u_00160,user160@example.com,2026/04/07 00:00:00,DE,web,67,mobile
u_00289,user289@example.com,2024-10-17,UK,web,25,mobile
u_00082,user82@example.com,2024/07/09 00:00:00,UK,mobile,69,mobile
u_00391,user391@example.com,2026-02-26,IT,web,56,desktop
u_00204,user204@example.com,14-03-2024 00:00,FR,web,53,mobile
u_00130,user130@example.com,2025/05/06 00:00:00,UK,mobile,29,desktop
u_00209,user209@example.com,13/03/2025,FR,mobile,55,desktop
u_00734,user734@example.com,2026-01-20T00:00:00Z,UK,mobile,41,desktop
u_00640,user640@example.com,2025/08/30 00:00:00,ES,partner,46,desktop
u_00739,user739@example.com,2024-06-27,UK,referral,60,mobile
u_00439,user439@example.com,2025-04-20,DE,web,65,mobile
u_00600,user600@example.com,21-11-2025 00:00,IT,web,63,mobile
u_00270,user270@example.com,14-10-2024 00:00,FR,web,67,mobile
u_00444,user444@example.com,14-08-2024 00:00,FR,web,67,mobile
u_00274,user274@example.com,2025/07/21 00:00:00,UK,referral,58,tablet
u_00533,user533@example.com,28/03/2024,UK,web,38,tablet
u_00286,user286@example.com,2024/06/16 00:00:00,UK,mobile,35,desktop
u_00109,user109@example.com,2025-01-28,FR,web,59,mobile
u_00034,user34@example.com,2025/08/22 00:00:00,UK,mobile,30,mobile
u_00133,user133@example.com,2024-05-25,UK,web,64,mobile
u_00256,user256@example.com,2024/12/17 00:00:00,DE,mobile,64,tablet
u_00229,user229@example.com,2026-01-02,IT,mobile,54,mobile
u_00527,user527@example.com,25/11/2025,NL,web,47,desktop
u_00067,user67@example.com,2025-10-26,UK,referral,42,mobile
u_00150,user150@example.com,02-01-2026 00:00,FR,web,37,desktop
u_00132,user132@example.com,28-12-2025 00:00,NL,web,56,desktop
u_00621,user621@example.com,2025-08-23 00:00,DE,mobile,59,desktop
u_00619,user619@example.com,2026-03-19,FR,referral,47,tablet
u_00231,user231@example.com,2025-07-14 00:00,FR,mobile,34,desktop
u_00782,user782@example.com,2025-11-01T00:00:00Z,NL,web,61,desktop
u_00601,user601@example.com,2024-03-08,UK,web,62,desktop
u_00406,user406@example.com,2025/09/21 00:00:00,ES,web,41,mobile
u_00098,user98@example.com,2024-07-25T00:00:00Z,FR,web,48,mobile
u_00478,user478@example.com,2025/11/09 00:00:00,UK,web,60,desktop
u_00791,user791@example.com,31/07/2024,FR,web,22,mobile
u_00185,user185@example.com,01/01/2025,DE,web,28,desktop
u_00618,user618@example.com,07-11-2025 00:00,FR,mobile,26,mobile
u_00714,user714@example.com,10-02-2026 00:00,ES,mobile,63,desktop
u_00698,user698@example.com,2024-05-12T00:00:00Z,UK,mobile,43,desktop
u_00154,user154@example.com,2025/08/28 00:00:00,UK,web,25,mobile
u_00164,user164@example.com,2026-01-22T00:00:00Z,FR,web,30,desktop
u_00380,user380@example.com,2024-11-29T00:00:00Z,DE,web,38,desktop
u_00046,user46@example.com,2026/02/23 00:00:00,DE,referral,57,desktop
u_00431,user431@example.com,28/04/2024,NL,web,25,desktop
u_00657,user657@example.com,2024-11-18 00:00,ES,web,26,mobile
u_00121,user121@example.com,2024-02-04,UK,web,68,desktop
u_00297,user297@example.com,2026-03-21 00:00,NL,web,50,mobile
u_00090,user90@example.com,20-10-2025 00:00,UK,mobile,43,desktop
u_00534,user534@example.com,11-05-2025 00:00,IT,partner,64,mobile
u_00108,user108@example.com,22-07-2025 00:00,FR,web,59,desktop
u_00426,user426@example.com,29-07-2024 00:00,DE,referral,43,desktop
u_00605,user605@example.com,23/02/2026,NL,web,19,desktop
u_00405,user405@example.com,2025-03-25 00:00,NL,web,45,desktop
u_00417,user417@example.com,2025-07-13 00:00,FR,web,58,desktop
u_00361,user361@example.com,2025-11-17,NL,web,37,mobile
u_00036,user36@example.com,10-12-2024 00:00,FR,mobile,45,desktop
u_00569,user569@example.com,13/06/2024,UK,web,52,desktop
u_00587,user587@example.com,26/05/2025,FR,mobile,30,mobile
u_00360,user360@example.com,29-04-2024 00:00,UK,mobile,66,mobile
u_00630,user630@example.com,07-04-2025 00:00,DE,web,62,mobile
u_00008,user8@example.com,2024-12-11T00:00:00Z,DE,web,64,desktop
u_00486,user486@example.com,27-07-2024 00:00,UK,referral,47,desktop
u_00342,user342@example.com,24-03-2025 00:00,NL,mobile,18,desktop
u_00041,user41@example.com,06/08/2024,UK,web,57,mobile
u_00141,user141@example.com,2024-08-08 00:00,UK,web,55,desktop
u_00473,user473@example.com,03/09/2024,FR,web,30,desktop
u_00762,user762@example.com,10-03-2024 00:00,FR,mobile,24,desktop
u_00457,user457@example.com,2026-04-04,NL,mobile,21,tablet
u_00424,user424@example.com,2024/04/17 00:00:00,FR,mobile,60,desktop
u_00754,user754@example.com,2024/05/05 00:00:00,UK,web,51,desktop
u_00144,user144@example.com,02-04-2025 00:00,UK,web,62,tablet
u_00284,user284@example.com,2025-10-09T00:00:00Z,FR,referral,40,mobile
u_00307,user307@example.com,2025-03-24,UK,web,57,desktop
u_00122,user122@example.com,2025-05-07T00:00:00Z,IT,referral,63,desktop
u_00276,user276@example.com,28-01-2026 00:00,UK,web,37,mobile
u_00118,user118@example.com,2024/08/10 00:00:00,IT,web,32,mobile
u_00151,user151@example.com,2024-04-24,ES,web,35,mobile
u_00369,user369@example.com,2025-11-03 00:00,FR,referral,36,desktop
u_00687,user687@example.com,2026-02-09 00:00,UK,partner,29,mobile
u_00100,user100@example.com,2025/06/07 00:00:00,NL,web,48,mobile
u_00290,user290@example.com,2025-08-21T00:00:00Z,FR,web,45,desktop
u_00387,user387@example.com,2024-03-28 00:00,IT,web,62,desktop
u_00503,user503@example.com,08/03/2025,NL,mobile,27,mobile
u_00725,user725@example.com,04/03/2024,FR,mobile,49,desktop
u_00579,user579@example.com,2024-06-29 00:00,ES,mobile,43,desktop
u_00125,user125@example.com,16/10/2025,FR,web,35,desktop
u_00799,user799@example.com,2025-01-02,DE,referral,57,desktop
u_00347,user347@example.com,08/09/2025,NL,mobile,42,desktop
u_00582,user582@example.com,29-04-2024 00:00,UK,web,67,tablet
u_00677,user677@example.com,09/02/2026,NL,web,31,mobile
u_00142,user142@example.com,2024/11/20 00:00:00,UK,referral,41,desktop
u_00577,user577@example.com,2024-08-12,ES,mobile,26,desktop
u_00167,user167@example.com,31/07/2025,ES,partner,29,tablet
u_00022,user22@example.com,2026/03/02 00:00:00,FR,mobile,53,desktop
u_00343,user343@example.com,2025-10-28,DE,referral,52,desktop
u_00672,user672@example.com,30-07-2024 00:00,UK,web,41,mobile
u_00311,user311@example.com,30/10/2025,UK,web,46,desktop
u_00050,user50@example.com,2024-02-03T00:00:00Z,FR,partner,64,mobile
u_00393,user393@example.com,2024-06-09 00:00,UK,referral,43,desktop
u_00603,user603@example.com,2025-10-10 00:00,ES,partner,53,mobile
u_00526,user526@example.com,2025/09/21 00:00:00,UK,referral,38,desktop
u_00433,user433@example.com,2024-07-23,IT,web,33,desktop
u_00051,user51@example.com,2024-03-16 00:00,FR,web,66,desktop
u_00371,user371@example.com,12/08/2024,DE,web,49,desktop
u_00790,user790@example.com,2024/10/30 00:00:00,UK,web,62,desktop
u_00642,user642@example.com,27-11-2025 00:00,DE,web,44,desktop
u_00425,user425@example.com,08/03/2025,UK,web,45,desktop
u_00313,user313@example.com,2024-09-27,FR,mobile,69,mobile
u_00330,user330@example.com,11-09-2025 00:00,FR,partner,49,desktop
u_00027,user27@example.com,2025-05-04 00:00,UK,mobile,28,desktop
u_00437,user437@example.com,22/12/2024,FR,web,47,tablet
u_00254,user254@example.com,2024-09-30T00:00:00Z,FR,web,65,mobile
u_00695,user695@example.com,12/02/2026,ES,web,58,desktop
u_00372,user372@example.com,24-09-2025 00:00,FR,mobile,41,tablet
u_00384,user384@example.com,11-06-2024 00:00,UK,web,64,desktop
u_00683,user683@example.com,11/12/2024,FR,mobile,33,desktop
u_00583,user583@example.com,2025-11-21,FR,web,38,mobile
u_00273,user273@example.com,2024-08-18 00:00,FR,web,27,tablet
u_00331,user331@example.com,2024-03-18,DE,partner,34,mobile
u_00241,user241@example.com,2024-07-16,ES,web,36,desktop
u_00054,user54@example.com,27-03-2025 00:00,IT,referral,21,desktop
u_00748,user748@example.com,2024/01/31 00:00:00,UK,mobile,20,mobile
u_00294,user294@example.com,19-07-2025 00:00,FR,web,68,desktop
u_00350,user350@example.com,2025-02-22T00:00:00Z,FR,referral,46,mobile
u_00233,user233@example.com,10/06/2024,NL,web,36,desktop
u_00156,user156@example.com,17-05-2025 00:00,IT,referral,28,mobile
u_00279,user279@example.com,2024-10-23 00:00,ES,mobile,59,desktop
u_00783,user783@example.com,2024-12-01 00:00,UK,web,54,desktop
u_00383,user383@example.com,17/03/2024,DE,web,51,mobile
u_00505,user505@example.com,2024-06-08,UK,referral,30,mobile
u_00348,user348@example.com,15-03-2024 00:00,FR,referral,60,mobile
u_00522,user522@example.com,09-12-2024 00:00,UK,web,61,desktop
u_00274,user274@example.com,2025/07/21 00:00:00,UK,referral,58,tablet
u_00063,user63@example.com,2024-05-11 00:00,UK,mobile,64,mobile
u_00737,user737@example.com,24/01/2025,FR,mobile,20,mobile
u_00642,user642@example.com,27-11-2025 00:00,DE,web,44,desktop
u_00385,user385@example.com,2025-12-15,UK,web,58,mobile
u_00489,user489@example.com,2025-05-27 00:00,UK,web,31,mobile
u_00538,user538@example.com,2024/08/23 00:00:00,FR,mobile,47,mobile
u_00743,user743@example.com,21/10/2024,ES,web,33,mobile
u_00675,user675@example.com,2025-01-07 00:00,UK,web,20,mobile
u_00112,user112@example.com,2024/03/07 00:00:00,FR,referral,45,desktop
u_00766,user766@example.com,2025/03/05 00:00:00,FR,web,51,mobile
u_00679,user679@example.com,2026-03-07,FR,web,22,mobile
u_00613,user613@example.com,2024-12-24,NL,referral,44,mobile
u_00629,user629@example.com,04/04/2026,UK,mobile,19,desktop
u_00715,user715@example.com,2024-05-17,DE,referral,44,desktop
u_00511,user511@example.com,2024-05-07,FR,web,65,desktop
u_00362,user362@example.com,2024-11-26T00:00:00Z,FR,mobile,19,desktop
u_00514,user514@example.com,2024/11/23 00:00:00,FR,web,38,mobile
u_00198,user198@example.com,19-11-2024 00:00,ES,web,60,desktop
u_00588,user588@example.com,16-02-2024 00:00,FR,web,69,mobile
u_00069,user69@example.com,2024-08-01 00:00,FR,web,65,desktop
u_00467,user467@example.com,01/06/2025,IT,web,46,desktop
u_00556,user556@example.com,2024/11/29 00:00:00,FR,web,60,mobile
u_00699,user699@example.com,2025-08-11 00:00,IT,web,69,desktop
u_00188,user188@example.com,2024-11-29T00:00:00Z,FR,web,66,mobile
u_00476,user476@example.com,2026-04-03T00:00:00Z,FR,web,28,desktop
u_00386,user386@example.com,2025-07-31T00:00:00Z,NL,referral,51,mobile
u_00314,user314@example.com,2025-12-01T00:00:00Z,UK,referral,19,desktop
u_00344,user344@example.com,2024-10-27T00:00:00Z,UK,referral,46,desktop
u_00345,user345@example.com,2025-09-14 00:00,DE,web,51,mobile
u_00195,user195@example.com,2025-05-16 00:00,FR,referral,51,mobile
u_00773,user773@example.com,08/03/2024,UK,mobile,30,desktop
u_00584,user584@example.com,2024-03-26T00:00:00Z,UK,partner,37,desktop
u_00225,user225@example.com,2025-02-13 00:00,FR,mobile,63,mobile
u_00637,user637@example.com,2024-06-19,IT,web,39,desktop
u_00052,user52@example.com,2024/08/17 00:00:00,FR,web,55,desktop
u_00765,user765@example.com,2024-06-16 00:00,NL,mobile,22,mobile
u_00243,user243@example.com,2025-01-13 00:00,FR,mobile,38,desktop
u_00076,user76@example.com,2025/08/31 00:00:00,FR,referral,52,tablet
u_00220,user220@example.com,2025/01/03 00:00:00,UK,web,51,mobile
u_00223,user223@example.com,2024-05-01,IT,partner,53,desktop
u_00484,user484@example.com,2024/03/20 00:00:00,FR,mobile,57,desktop
u_00453,user453@example.com,2025-05-27 00:00,IT,web,55,desktop
u_00726,user726@example.com,13-12-2025 00:00,FR,web,23,tablet
u_00320,user320@example.com,2024-03-28T00:00:00Z,NL,referral,19,tablet
u_00614,user614@example.com,2025-07-13T00:00:00Z,NL,partner,64,desktop
u_00554,user554@example.com,2025-07-08T00:00:00Z,ES,web,42,mobile
u_00490,user490@example.com,2024/08/08 00:00:00,UK,mobile,33,desktop
u_00005,user5@example.com,30/11/2024,FR,web,53,desktop
u_00283,user283@example.com,2024-06-01,FR,referral,18,desktop
u_00007,user7@example.com,2025-04-07,DE,mobile,42,tablet
u_00493,user493@example.com,2025-11-16,IT,mobile,35,mobile
u_00249,user249@example.com,2024-12-04 00:00,UK,referral,33,desktop
u_00435,user435@example.com,2025-09-18 00:00,FR,web,37,desktop
u_00016,user16@example.com,2024/08/23 00:00:00,FR,referral,33,desktop
u_00499,user499@example.com,2024-07-07,UK,mobile,26,desktop
u_00566,user566@example.com,2024-10-20T00:00:00Z,IT,web,25,desktop
u_00094,user94@example.com,2025/10/01 00:00:00,UK,web,20,mobile
u_00319,user319@example.com,2024-10-03,FR,web,63,mobile
u_00458,user458@example.com,2024-12-06T00:00:00Z,UK,referral,33,desktop
u_00057,user57@example.com,2024-06-04 00:00,UK,mobile,61,desktop
u_00428,user428@example.com,2024-09-19T00:00:00Z,ES,web,58,desktop
u_00718,user718@example.com,2024/03/27 00:00:00,FR,partner,53,mobile
u_00035,user35@example.com,26/07/2024,UK,mobile,68,tablet
u_00719,user719@example.com,26/03/2025,IT,web,47,desktop
u_00171,user171@example.com,2025-07-13 00:00,FR,web,62,mobile
u_00755,user755@example.com,18/08/2024,IT,web,46,desktop
u_00187,user187@example.com,2024-11-01,UK,web,68,desktop
u_00011,user11@example.com,26/08/2025,UK,web,28,desktop
u_00086,user86@example.com,2025-04-18T00:00:00Z,FR,web,28,desktop
u_00562,user562@example.com,2025/10/10 00:00:00,FR,web,59,desktop
u_00694,user694@example.com,2024/08/20 00:00:00,FR,mobile,28,desktop
u_00326,user326@example.com,2026-01-16T00:00:00Z,IT,mobile,56,desktop
u_00302,user302@example.com,2025-12-04T00:00:00Z,FR,web,46,desktop
u_00116,user116@example.com,2025-04-23T00:00:00Z,ES,partner,23,mobile
u_00732,user732@example.com,25-09-2024 00:00,FR,web,67,desktop
u_00190,user190@example.com,2024/01/29 00:00:00,FR,mobile,63,desktop
u_00117,user117@example.com,2025-10-28 00:00,DE,web,23,desktop
u_00785,user785@example.com,21/09/2025,NL,mobile,41,desktop
u_00658,user658@example.com,2024/09/26 00:00:00,FR,web,38,mobile
u_00058,user58@example.com,2024/06/18 00:00:00,UK,referral,50,mobile
u_00354,user354@example.com,25-10-2024 00:00,UK,web,54,tablet
u_00469,user469@example.com,2025-12-07,FR,web,54,desktop
u_00397,user397@example.com,2024-05-15,ES,web,66,desktop
u_00487,user487@example.com,2025-04-12,UK,web,32,desktop
u_00258,user258@example.com,16-06-2025 00:00,FR,web,61,desktop
u_00260,user260@example.com,2024-09-20T00:00:00Z,UK,mobile,50,desktop
u_00592,user592@example.com,2026/02/28 00:00:00,UK,referral,26,mobile
u_00337,user337@example.com,2025-11-30,FR,web,41,desktop
u_00510,user510@example.com,26-11-2024 00:00,FR,partner,41,desktop
u_00126,user126@example.com,24-07-2025 00:00,UK,web,22,desktop
u_00464,user464@example.com,2026-02-14T00:00:00Z,FR,partner,43,desktop
u_00358,user358@example.com,2024/09/04 00:00:00,DE,web,24,desktop
u_00367,user367@example.com,2024-09-03,DE,referral,55,mobile
u_00047,user47@example.com,26/04/2024,UK,web,61,desktop
u_00257,user257@example.com,19/03/2025,DE,referral,67,desktop
u_00107,user107@example.com,09/05/2025,UK,web,32,desktop
u_00318,user318@example.com,19-09-2025 00:00,IT,mobile,42,mobile
u_00742,user742@example.com,2024/01/29 00:00:00,FR,web,26,desktop
u_00328,user328@example.com,2024/12/14 00:00:00,UK,mobile,44,mobile
u_00483,user483@example.com,2025-09-28 00:00,UK,web,60,mobile
u_00627,user627@example.com,2024-12-11 00:00,DE,web,61,mobile
u_00581,user581@example.com,26/05/2025,UK,web,26,mobile
u_00511,user511@example.com,2024-05-07,FR,web,65,desktop
u_00593,user593@example.com,05/09/2025,FR,web,59,mobile
u_00539,user539@example.com,13/02/2026,FR,referral,38,mobile
u_00515,user515@example.com,29/10/2025,FR,web,39,desktop
u_00048,user48@example.com,23-02-2024 00:00,FR,mobile,23,mobile
u_00158,user158@example.com,2025-02-03T00:00:00Z,IT,web,37,tablet
u_00576,user576@example.com,05-04-2025 00:00,UK,web,52,mobile
u_00620,user620@example.com,2024-03-09T00:00:00Z,FR,partner,51,desktop
u_00446,user446@example.com,2025-03-19T00:00:00Z,IT,web,29,desktop
u_00235,user235@example.com,2025-09-13,NL,web,19,desktop
u_00685,user685@example.com,2025-03-26,IT,mobile,45,desktop
u_00674,user674@example.com,2024-05-25T00:00:00Z,IT,web,27,mobile
u_00742,user742@example.com,2024/01/29 00:00:00,FR,web,26,desktop
u_00631,user631@example.com,2025-03-19,NL,referral,67,desktop
u_00383,user383@example.com,17/03/2024,DE,web,51,mobile
u_00219,user219@example.com,2025-05-24 00:00,NL,web,58,desktop
u_00471,user471@example.com,2025-12-24 00:00,UK,partner,27,mobile
u_00680,user680@example.com,2025-06-07T00:00:00Z,UK,web,47,mobile
u_00196,user196@example.com,2025/10/24 00:00:00,FR,web,29,desktop
u_00091,user91@example.com,2025-06-11,FR,web,61,mobile
u_00163,user163@example.com,2025-11-01,FR,web,69,desktop
u_00247,user247@example.com,2025-12-31,UK,web,58,desktop
u_00422,user422@example.com,2025-08-13T00:00:00Z,FR,web,64,desktop
u_00055,user55@example.com,2025-09-21,IT,web,20,tablet
u_00575,user575@example.com,27/03/2025,ES,partner,56,desktop
u_00506,user506@example.com,2024-10-29T00:00:00Z,DE,referral,60,mobile
u_00616,user616@example.com,2024/10/31 00:00:00,DE,mobile,29,desktop
u_00017,user17@example.com,01/07/2024,UK,referral,63,desktop
u_00654,user654@example.com,24-01-2025 00:00,FR,partner,58,mobile
u_00470,user470@example.com,2024-01-30T00:00:00Z,UK,web,45,desktop
u_00157,user157@example.com,2025-07-14,FR,mobile,26,desktop
u_00749,user749@example.com,16/03/2025,DE,web,29,desktop
u_00044,user44@example.com,2024-10-04T00:00:00Z,FR,web,28,desktop
u_00423,user423@example.com,2025-07-24 00:00,FR,referral,65,desktop
u_00573,user573@example.com,2024-03-15 00:00,UK,web,36,desktop
u_00555,user555@example.com,2026-04-02 00:00,FR,referral,58,mobile
u_00612,user612@example.com,07-10-2024 00:00,IT,partner,42,desktop
u_00516,user516@example.com,06-12-2025 00:00,FR,mobile,47,mobile
u_00298,user298@example.com,2024/02/22 00:00:00,DE,referral,34,desktop
u_00306,user306@example.com,09-12-2025 00:00,UK,mobile,51,desktop
u_00561,user561@example.com,2025-09-26 00:00,FR,mobile,52,desktop
u_00688,user688@example.com,2026/02/15 00:00:00,NL,web,57,mobile
u_00731,user731@example.com,14/02/2026,FR,web,48,mobile
u_00578,user578@example.com,2025-01-20T00:00:00Z,UK,referral,31,mobile
u_00146,user146@example.com,2026-03-22T00:00:00Z,FR,web,55,mobile
u_00798,user798@example.com,04-12-2025 00:00,FR,web,53,desktop
u_00199,user199@example.com,2025-01-07,FR,partner,53,mobile
u_00697,user697@example.com,2025-12-09,DE,referral,58,mobile
u_00728,user728@example.com,2024-09-05T00:00:00Z,FR,web,34,desktop
u_00502,user502@example.com,2024/04/19 00:00:00,ES,mobile,69,desktop
u_00290,user290@example.com,2025-08-21T00:00:00Z,FR,web,45,desktop
u_00574,user574@example.com,2025/10/23 00:00:00,DE,referral,30,desktop
u_00316,user316@example.com,2026/03/29 00:00:00,FR,web,31,desktop
u_00518,user518@example.com,2025-10-15T00:00:00Z,DE,web,23,desktop
u_00563,user563@example.com,07/10/2025,ES,mobile,48,desktop
u_00099,user99@example.com,2024-09-02 00:00,FR,web,57,tablet
u_00227,user227@example.com,05/12/2025,FR,partner,31,desktop
u_00451,user451@example.com,2025-05-06,FR,web,25,tablet
u_00085,user85@example.com,2025-01-22,FR,web,18,desktop
u_00339,user339@example.com,2024-01-25 00:00,FR,web,22,desktop
u_00382,user382@example.com,2024/07/06 00:00:00,NL,web,57,desktop
u_00668,user668@example.com,2026-03-04T00:00:00Z,NL,web,35,desktop
u_00304,user304@example.com,2024/07/17 00:00:00,UK,referral,43,desktop
u_00485,user485@example.com,09/10/2024,FR,referral,69,mobile
u_00243,user243@example.com,2025-01-13 00:00,FR,mobile,38,desktop
u_00717,user717@example.com,2024-07-13 00:00,UK,web,45,desktop
u_00278,user278@example.com,2025-09-21T00:00:00Z,UK,web,18,desktop
u_00250,user250@example.com,2026/02/18 00:00:00,UK,web,65,mobile
u_00322,user322@example.com,2024/07/01 00:00:00,UK,web,50,desktop
u_00140,user140@example.com,2026-03-09T00:00:00Z,FR,web,35,mobile
u_00482,user482@example.com,2025-06-04T00:00:00Z,FR,web,55,desktop
u_00324,user324@example.com,12-02-2024 00:00,UK,web,53,desktop
u_00437,user437@example.com,22/12/2024,FR,web,47,tablet
u_00443,user443@example.com,28/06/2025,DE,web,65,mobile
u_00128,user128@example.com,2026-01-13T00:00:00Z,FR,referral,48,mobile
u_00727,user727@example.com,2026-02-22,FR,web,48,desktop
u_00558,user558@example.com,30-11-2024 00:00,UK,web,56,desktop
u_00597,user597@example.com,2024-11-22 00:00,IT,web,67,desktop
u_00537,user537@example.com,2025-12-13 00:00,UK,web,56,desktop
u_00566,user566@example.com,2024-10-20T00:00:00Z,IT,web,25,desktop
u_00770,user770@example.com,2026-02-20T00:00:00Z,IT,web,29,desktop
u_00596,user596@example.com,2025-05-26T00:00:00Z,FR,web,19,mobile
u_00589,user589@example.com,2025-12-24,FR,referral,43,desktop
u_00664,user664@example.com,2024/04/08 00:00:00,FR,web,33,desktop
u_00362,user362@example.com,2024-11-26T00:00:00Z,FR,mobile,19,desktop
u_00202,user202@example.com,2025/05/31 00:00:00,NL,web,19,mobile
u_00545,user545@example.com,10/02/2026,FR,partner,32,desktop
u_00784,user784@example.com,2026/03/17 00:00:00,UK,web,21,desktop
u_00560,user560@example.com,2025-09-03T00:00:00Z,UK,web,35,desktop
u_00463,user463@example.com,2025-06-05,NL,web,48,desktop
u_00786,user786@example.com,14-01-2025 00:00,UK,referral,56,mobile
u_00189,user189@example.com,2025-01-22 00:00,DE,web,66,mobile
u_00410,user410@example.com,2026-01-29T00:00:00Z,NL,web,19,mobile
u_00689,user689@example.com,31/08/2025,DE,referral,62,desktop
u_00740,user740@example.com,2024-12-04T00:00:00Z,UK,web,69,desktop
u_00491,user491@example.com,19/10/2025,IT,web,61,desktop
u_00711,user711@example.com,2025-03-12 00:00,NL,web,39,tablet
u_00129,user129@example.com,2025-05-06 00:00,FR,mobile,27,desktop
u_00775,user775@example.com,2025-12-10,FR,web,55,desktop
u_00123,user123@example.com,2024-09-30 00:00,FR,mobile,46,mobile
u_00010,user10@example.com,2026/01/01 00:00:00,UK,partner,59,desktop
u_00609,user609@example.com,2025-08-15 00:00,DE,referral,47,desktop
u_00165,user165@example.com,2025-07-27 00:00,UK,partner,67,desktop
u_00293,user293@example.com,27/12/2025,NL,web,20,mobile
u_00112,user112@example.com,2024/03/07 00:00:00,FR,referral,45,desktop
u_00708,user708@example.com,28-12-2025 00:00,DE,web,22,desktop
u_00440,user440@example.com,2025-09-29T00:00:00Z,IT,web,64,mobile
u_00102,user102@example.com,04-06-2025 00:00,IT,web,52,tablet
u_00591,user591@example.com,2024-04-07 00:00,NL,referral,27,desktop
u_00352,user352@example.com,2024/06/13 00:00:00,FR,referral,50,desktop
u_00374,user374@example.com,2026-02-17T00:00:00Z,FR,mobile,35,desktop
u_00060,user60@example.com,19-08-2024 00:00,FR,web,57,desktop
u_00565,user565@example.com,2025-09-17,IT,web,32,mobile
u_00049,user49@example.com,2024-02-08,IT,web,25,mobile
u_00772,user772@example.com,2026/02/01 00:00:00,UK,mobile,53,desktop
u_00729,user729@example.com,2026-02-04 00:00,UK,web,19,mobile
u_00110,user110@example.com,2024-08-01T00:00:00Z,ES,web,50,desktop
u_00594,user594@example.com,30-01-2026 00:00,UK,web,60,desktop
u_00240,user240@example.com,10-09-2024 00:00,FR,web,29,mobile
u_00009,user9@example.com,2024-12-01 00:00,FR,web,38,desktop
u_00077,user77@example.com,08/02/2025,FR,web,39,mobile
u_00224,user224@example.com,2025-12-08T00:00:00Z,NL,web,39,mobile
u_00670,user670@example.com,2024/08/31 00:00:00,UK,web,32,mobile
u_00461,user461@example.com,24/03/2025,UK,web,69,tablet
u_00312,user312@example.com,09-07-2025 00:00,UK,web,54,desktop
u_00019,user19@example.com,2024-04-06,ES,mobile,45,tablet
u_00192,user192@example.com,26-01-2026 00:00,FR,mobile,45,desktop
u_00414,user414@example.com,16-12-2024 00:00,ES,web,49,desktop
u_00553,user553@example.com,2024-10-22,FR,web,24,mobile
u_00659,user659@example.com,22/08/2024,UK,partner,44,desktop
u_00281,user281@example.com,02/12/2025,FR,web,34,desktop
u_00500,user500@example.com,2025-09-18T00:00:00Z,UK,web,62,desktop
u_00329,user329@example.com,06/01/2026,IT,mobile,53,desktop
u_00001,user1@example.com,2025-07-09,DE,mobile,49,mobile
u_00618,user618@example.com,07-11-2025 00:00,FR,mobile,26,mobile
u_00340,user340@example.com,2025/11/10 00:00:00,NL,mobile,69,desktop
u_00183,user183@example.com,2024-04-22 00:00,UK,mobile,27,desktop
u_00494,user494@example.com,2025-03-30T00:00:00Z,FR,web,55,desktop
u_00639,user639@example.com,2024-01-20 00:00,DE,referral,39,desktop
u_00097,user97@example.com,2026-02-05,UK,web,62,desktop
u_00056,user56@example.com,2025-10-11T00:00:00Z,DE,web,53,desktop
u_00351,user351@example.com,2025-05-18 00:00,UK,web,26,tablet
u_00040,user40@example.com,2024/03/21 00:00:00,IT,web,66,mobile
u_00523,user523@example.com,2024-06-27,FR,web,53,desktop
u_00342,user342@example.com,24-03-2025 00:00,NL,mobile,18,desktop
u_00704,user704@example.com,2024-12-09T00:00:00Z,ES,web,55,desktop
u_00305,user305@example.com,06/11/2025,ES,web,23,mobile
u_00216,user216@example.com,20-02-2026 00:00,DE,web,66,desktop
u_00299,user299@example.com,28/10/2024,DE,referral,66,desktop
u_00372,user372@example.com,24-09-2025 00:00,FR,mobile,41,tablet
u_00539,user539@example.com,13/02/2026,FR,referral,38,mobile
u_00644,user644@example.com,2025-07-12T00:00:00Z,FR,web,59,desktop
u_00238,user238@example.com,2026/03/11 00:00:00,DE,web,46,desktop
u_00377,user377@example.com,14/03/2024,NL,web,28,desktop
u_00089,user89@example.com,01/08/2024,FR,web,35,mobile
u_00669,user669@example.com,2025-08-28 00:00,FR,mobile,46,mobile
u_00530,user530@example.com,2025-06-09T00:00:00Z,FR,web,43,desktop
u_00136,user136@example.com,2025/01/11 00:00:00,FR,web,48,mobile
u_00269,user269@example.com,19/03/2024,FR,web,19,desktop
u_00039,user39@example.com,2026-01-10 00:00,FR,web,62,desktop
u_00153,user153@example.com,2026-01-01 00:00,FR,web,58,mobile
u_00080,user80@example.com,2026-03-02T00:00:00Z,DE,mobile,57,desktop
u_00430,user430@example.com,2025/08/25 00:00:00,DE,web,32,mobile
u_00242,user242@example.com,2024-01-19T00:00:00Z,DE,mobile,26,mobile
u_00789,user789@example.com,2025-10-14 00:00,DE,web,60,mobile
u_00346,user346@example.com,2025/12/25 00:00:00,DE,web,57,mobile
u_00175,user175@example.com,2025-03-05,FR,web,59,mobile
u_00732,user732@example.com,25-09-2024 00:00,FR,web,67,desktop
u_00507,user507@example.com,2026-03-18 00:00,FR,mobile,38,mobile
u_00635,user635@example.com,29/07/2024,FR,web,45,mobile
u_00025,user25@example.com,2025-10-21,DE,referral,43,desktop
u_00162,user162@example.com,27-11-2025 00:00,NL,web,44,desktop
u_00120,user120@example.com,02-04-2025 00:00,IT,mobile,45,mobile
u_00059,user59@example.com,09/02/2025,FR,web,31,desktop
u_00263,user263@example.com,26/12/2024,FR,web,50,tablet
u_00571,user571@example.com,2025-01-25,FR,web,58,desktop
u_00169,user169@example.com,2025-03-23,FR,mobile,19,desktop
u_00082,user82@example.com,2024/07/09 00:00:00,UK,mobile,69,mobile
u_00696,user696@example.com,08-09-2024 00:00,UK,mobile,27,desktop
u_00682,user682@example.com,2025/08/05 00:00:00,FR,web,22,desktop
u_00222,user222@example.com,14-09-2024 00:00,UK,mobile,42,desktop
u_00764,user764@example.com,2025-09-11T00:00:00Z,FR,referral,23,mobile
u_00645,user645@example.com,2024-06-26 00:00,IT,web,31,desktop
u_00653,user653@example.com,27/08/2025,IT,referral,61,desktop
u_00667,user667@example.com,2024-09-24,DE,web,19,mobile
u_00084,user84@example.com,22-04-2025 00:00,FR,web,26,desktop
u_00093,user93@example.com,2024-04-20 00:00,UK,web,21,desktop
u_00302,user302@example.com,2025-12-04T00:00:00Z,FR,web,46,desktop
u_00020,user20@example.com,2025-11-24T00:00:00Z,IT,web,66,desktop
u_00559,user559@example.com,2024-07-20,UK,mobile,21,desktop
u_00186,user186@example.com,23-11-2024 00:00,IT,referral,20,mobile
u_00228,user228@example.com,09-10-2024 00:00,UK,web,23,desktop
u_00210,user210@example.com,04-06-2025 00:00,UK,web,32,desktop
u_00334,user334@example.com,2025/07/22 00:00:00,ES,mobile,20,mobile
u_00528,user528@example.com,22-04-2024 00:00,NL,mobile,30,desktop
u_00232,user232@example.com,2025/12/03 00:00:00,UK,mobile,61,tablet
u_00509,user509@example.com,02/12/2024,UK,web,21,desktop
u_00429,user429@example.com,2025-02-04 00:00,FR,referral,22,desktop
u_00315,user315@example.com,2025-02-07 00:00,UK,partner,30,desktop
u_00066,user66@example.com,29-03-2025 00:00,UK,referral,48,mobile
u_00552,user552@example.com,03-04-2024 00:00,FR,referral,44,desktop
u_00239,user239@example.com,25/08/2025,FR,web,69,mobile
u_00138,user138@example.com,15-03-2024 00:00,UK,web,48,desktop
u_00026,user26@example.com,2024-09-23T00:00:00Z,FR,web,39,mobile
u_00665,user665@example.com,25/01/2025,FR,mobile,28,mobile
u_00761,user761@example.com,17/11/2024,IT,partner,42,mobile
u_00341,user341@example.com,13/09/2025,FR,web,37,desktop
u_00062,user62@example.com,2025-10-10T00:00:00Z,UK,mobile,61,mobile
u_00308,user308@example.com,2024-03-29T00:00:00Z,IT,web,67,desktop
u_00159,user159@example.com,2025-01-27 00:00,DE,web,65,mobile
u_00524,user524@example.com,2025-04-15T00:00:00Z,UK,mobile,38,desktop
u_00472,user472@example.com,2024/09/13 00:00:00,UK,web,40,desktop
u_00018,user18@example.com,10-11-2025 00:00,FR,web,35,mobile
u_00068,user68@example.com,2024-06-07T00:00:00Z,FR,mobile,34,desktop
u_00655,user655@example.com,2025-09-15,ES,web,34,tablet
u_00632,user632@example.com,2024-11-11T00:00:00Z,ES,mobile,29,mobile
u_00113,user113@example.com,28/03/2025,FR,referral,19,tablet
u_00712,user712@example.com,2025/07/13 00:00:00,IT,web,59,desktop
u_00517,user517@example.com,2024-05-24,FR,mobile,45,desktop
u_00793,user793@example.com,2025-09-11,FR,partner,45,desktop
u_00103,user103@example.com,2025-08-26,FR,web,50,desktop
u_00416,user416@example.com,2026-01-08T00:00:00Z,FR,web,30,desktop
u_00636,user636@example.com,09-10-2024 00:00,FR,partner,69,mobile
u_00488,user488@example.com,2025-04-10T00:00:00Z,FR,web,62,desktop
u_00474,user474@example.com,23-11-2024 00:00,FR,mobile,42,mobile
u_00624,user624@example.com,13-09-2025 00:00,UK,web,30,desktop
u_00726,user726@example.com,13-12-2025 00:00,FR,web,23,tablet
u_00292,user292@example.com,2025/05/04 00:00:00,FR,mobile,37,mobile
u_00264,user264@example.com,21-10-2025 00:00,FR,mobile,51,desktop
u_00252,user252@example.com,16-12-2024 00:00,ES,web,25,mobile
u_00606,user606@example.com,20-02-2024 00:00,DE,web,38,mobile
u_00684,user684@example.com,18-11-2025 00:00,UK,web,61,mobile
u_00666,user666@example.com,18-01-2026 00:00,IT,mobile,46,desktop
u_00002,user2@example.com,2024-01-20T00:00:00Z,UK,web,49,desktop
u_00550,user550@example.com,2024/05/04 00:00:00,UK,web,48,desktop
u_00376,user376@example.com,2025/01/18 00:00:00,FR,mobile,26,desktop
u_00176,user176@example.com,2024-03-06T00:00:00Z,FR,mobile,59,desktop
u_00649,user649@example.com,2026-02-16,IT,mobile,40,desktop
u_00368,user368@example.com,2024-12-02T00:00:00Z,IT,web,28,mobile
u_00403,user403@example.com,2024-11-05,DE,referral,61,tablet
u_00693,user693@example.com,2026-03-11 00:00,FR,mobile,27,mobile
u_00003,user3@example.com,2026-03-31 00:00,ES,referral,29,mobile
u_00096,user96@example.com,14-02-2026 00:00,IT,referral,39,desktop
u_00536,user536@example.com,2025-11-11T00:00:00Z,FR,referral,21,desktop
u_00497,user497@example.com,03/10/2024,UK,web,18,desktop
u_00706,user706@example.com,2025/06/25 00:00:00,UK,web,61,desktop
u_00763,user763@example.com,2024-07-31,FR,referral,58,desktop
u_00285,user285@example.com,2025-12-23 00:00,UK,partner,45,desktop
u_00212,user212@example.com,2024-10-29T00:00:00Z,UK,mobile,20,desktop
u_00411,user411@example.com,2025-05-21 00:00,IT,mobile,23,desktop
u_00646,user646@example.com,2025/07/13 00:00:00,ES,mobile,36,desktop
u_00174,user174@example.com,19-03-2026 00:00,NL,referral,58,mobile
u_00288,user288@example.com,22-11-2025 00:00,UK,mobile,30,desktop
u_00652,user652@example.com,2025/11/02 00:00:00,ES,mobile,56,mobile
u_00143,user143@example.com,16/04/2024,NL,web,61,desktop
u_00413,user413@example.com,22/10/2024,FR,mobile,42,desktop
u_00193,user193@example.com,2025-05-25,FR,mobile,69,desktop
u_00591,user591@example.com,2024-04-07 00:00,NL,referral,27,desktop
u_00402,user402@example.com,05-06-2024 00:00,NL,mobile,39,desktop
u_00230,user230@example.com,2025-04-03T00:00:00Z,FR,web,30,desktop
u_00753,user753@example.com,2025-12-25 00:00,FR,web,52,desktop
u_00218,user218@example.com,2024-03-21T00:00:00Z,FR,referral,45,desktop
u_00598,user598@example.com,2025/09/11 00:00:00,IT,referral,38,desktop
u_00155,user155@example.com,12/12/2025,FR,partner,37,desktop
u_00431,user431@example.com,28/04/2024,NL,web,25,desktop
u_00404,user404@example.com,2024-12-12T00:00:00Z,FR,mobile,52,mobile
u_00182,user182@example.com,2025-12-10T00:00:00Z,ES,referral,67,mobile
u_00336,user336@example.com,21-08-2025 00:00,UK,web,23,desktop
u_00722,user722@example.com,2024-02-02T00:00:00Z,UK,web,51,desktop
u_00075,user75@example.com,2025-03-03 00:00,FR,mobile,27,mobile
u_00415,user415@example.com,2025-01-30,FR,web,59,desktop
u_00436,user436@example.com,2026/01/23 00:00:00,FR,web,62,mobile
u_00086,user86@example.com,2025-04-18T00:00:00Z,FR,web,28,desktop
u_00626,user626@example.com,2024-09-08T00:00:00Z,UK,web,30,desktop
u_00641,user641@example.com,27/10/2024,DE,web,44,desktop
u_00234,user234@example.com,22-09-2025 00:00,UK,referral,25,desktop
u_00021,user21@example.com,2026-03-21 00:00,DE,web,46,desktop
u_00736,user736@example.com,2025/11/06 00:00:00,IT,web,53,mobile
u_00758,user758@example.com,2026-04-04T00:00:00Z,NL,web,31,desktop
u_00610,user610@example.com,2024/11/04 00:00:00,UK,mobile,54,desktop
u_00590,user590@example.com,2025-03-26T00:00:00Z,FR,web,63,mobile
u_00031,user31@example.com,2025-03-18,DE,mobile,36,desktop
u_00291,user291@example.com,2024-08-13 00:00,ES,web,64,desktop
u_00253,user253@example.com,2025-09-13,UK,web,68,desktop
u_00070,user70@example.com,2024/10/01 00:00:00,UK,web,54,mobile
u_00088,user88@example.com,2025/09/21 00:00:00,UK,web,46,desktop
u_00115,user115@example.com,2024-02-22,FR,partner,58,desktop
u_00549,user549@example.com,2026-01-19 00:00,DE,web,34,mobile
u_00092,user92@example.com,2024-12-17T00:00:00Z,IT,partner,47,mobile
u_00466,user466@example.com,2025/09/14 00:00:00,IT,referral,64,tablet
u_00168,user168@example.com,15-07-2025 00:00,DE,web,35,desktop
u_00408,user408@example.com,12-08-2024 00:00,ES,web,57,desktop
u_00617,user617@example.com,17/04/2025,DE,mobile,36,desktop
u_00321,user321@example.com,2025-12-10 00:00,NL,mobile,60,desktop
u_00792,user792@example.com,28-05-2025 00:00,UK,web,48,mobile
u_00586,user586@example.com,2024/05/19 00:00:00,IT,web,63,desktop
u_00078,user78@example.com,10-06-2025 00:00,IT,web,40,desktop
u_00567,user567@example.com,2025-08-05 00:00,DE,web,22,mobile
u_00532,user532@example.com,2025/04/11 00:00:00,IT,web,59,mobile
u_00599,user599@example.com,30/11/2025,NL,mobile,66,desktop
u_00691,user691@example.com,2025-05-14,FR,web,42,tablet
u_00258,user258@example.com,16-06-2025 00:00,FR,web,61,desktop
u_00256,user256@example.com,2024/12/17 00:00:00,DE,mobile,64,tablet
u_00787,user787@example.com,2025-03-09,DE,web,29,tablet
u_00498,user498@example.com,24-03-2024 00:00,IT,web,52,desktop
u_00131,user131@example.com,31/05/2024,FR,web,18,tablet
u_00101,user101@example.com,19/11/2024,ES,web,35,mobile
u_00172,user172@example.com,2025/10/10 00:00:00,UK,web,37,mobile
u_00736,user736@example.com,2025/11/06 00:00:00,IT,web,53,mobile
u_00703,user703@example.com,2025-11-25,FR,web,19,desktop
u_00752,user752@example.com,2026-03-06T00:00:00Z,FR,web,36,mobile
u_00454,user454@example.com,2025/09/03 00:00:00,FR,mobile,47,mobile
u_00538,user538@example.com,2024/08/23 00:00:00,FR,mobile,47,mobile
u_00656,user656@example.com,2025-12-24T00:00:00Z,FR,web,25,desktop
u_00747,user747@example.com,2025-01-10 00:00,FR,web,26,mobile
u_00201,user201@example.com,2025-12-28 00:00,DE,web,28,mobile
u_00203,user203@example.com,18/04/2025,UK,web,50,desktop
u_00713,user713@example.com,01/03/2026,DE,mobile,65,desktop
u_00661,user661@example.com,2025-12-28,FR,mobile,64,mobile
u_00456,user456@example.com,11-05-2024 00:00,FR,referral,35,desktop
u_00634,user634@example.com,2025/11/29 00:00:00,UK,web,44,tablet
u_00137,user137@example.com,08/08/2025,NL,partner,67,mobile
u_00521,user521@example.com,03/10/2025,ES,web,34,desktop
u_00660,user660@example.com,04-03-2024 00:00,UK,web,64,desktop
u_00570,user570@example.com,30-07-2024 00:00,UK,web,32,desktop
u_00379,user379@example.com,2025-10-23,UK,web,22,mobile
u_00707,user707@example.com,23/06/2024,DE,mobile,23,desktop
u_00271,user271@example.com,2024-07-09,FR,referral,65,desktop
u_00607,user607@example.com,2024-09-13,ES,partner,55,mobile
u_00064,user64@example.com,2025/04/07 00:00:00,DE,mobile,55,desktop
u_00394,user394@example.com,2024/10/24 00:00:00,IT,partner,22,desktop
u_00071,user71@example.com,25/06/2025,FR,mobile,27,desktop
u_00535,user535@example.com,2024-10-27,FR,partner,49,desktop
u_00272,user272@example.com,2025-03-21T00:00:00Z,FR,mobile,48,desktop
u_00544,user544@example.com,2024/02/17 00:00:00,NL,mobile,41,mobile
u_00161,user161@example.com,27/12/2025,FR,web,37,desktop
u_00751,user751@example.com,2025-07-05,FR,web,49,desktop
u_00170,user170@example.com,2025-01-18T00:00:00Z,NL,web,60,mobile
u_00037,user37@example.com,2025-09-13,FR,mobile,25,desktop
u_00244,user244@example.com,2026/04/01 00:00:00,UK,mobile,47,tablet
u_00083,user83@example.com,03/06/2025,DE,referral,43,mobile
u_00261,user261@example.com,2025-02-15 00:00,FR,partner,45,mobile
u_00373,user373@example.com,2025-03-01,UK,web,63,mobile
u_00023,user23@example.com,27/10/2025,NL,web,65,mobile
u_00338,user338@example.com,2024-12-29T00:00:00Z,DE,web,52,mobile
u_00309,user309@example.com,2024-07-02 00:00,FR,partner,34,mobile
u_00559,user559@example.com,2024-07-20,UK,mobile,21,desktop
u_00508,user508@example.com,2024/07/12 00:00:00,ES,mobile,56,tablet
u_00221,user221@example.com,27/11/2024,FR,referral,63,mobile
u_00014,user14@example.com,2025-07-15T00:00:00Z,ES,mobile,46,desktop
u_00667,user667@example.com,2024-09-24,DE,web,19,mobile
u_00673,user673@example.com,2024-12-31,NL,web,59,mobile
u_00585,user585@example.com,2025-11-14 00:00,NL,partner,21,desktop
u_00512,user512@example.com,2025-03-02T00:00:00Z,ES,referral,66,desktop
u_00178,user178@example.com,2026/01/10 00:00:00,NL,web,23,desktop
u_00277,user277@example.com,2024-03-28,FR,mobile,35,desktop
u_00548,user548@example.com,2024-08-29T00:00:00Z,FR,web,42,tablet
u_00720,user720@example.com,29-07-2025 00:00,NL,web,45,mobile
u_00477,user477@example.com,2025-08-06 00:00,UK,web,30,tablet
u_00226,user226@example.com,2025/01/30 00:00:00,NL,web,24,desktop
u_00633,user633@example.com,2025-12-06 00:00,FR,web,35,desktop
u_00217,user217@example.com,2025-05-12,FR,mobile,20,mobile
u_00030,user30@example.com,16-03-2026 00:00,IT,web,43,desktop
u_00701,user701@example.com,09/07/2025,FR,mobile,67,tablet
u_00723,user723@example.com,2025-12-31 00:00,FR,referral,57,desktop
u_00181,user181@example.com,2025-11-02,ES,partner,64,desktop
u_00746,user746@example.com,2024-09-09T00:00:00Z,UK,web,64,desktop
u_00460,user460@example.com,2025/06/05 00:00:00,IT,partner,30,desktop
u_00774,user774@example.com,27-08-2024 00:00,ES,referral,53,desktop
u_00678,user678@example.com,17-07-2024 00:00,UK,partner,54,desktop
u_00639,user639@example.com,2024-01-20 00:00,DE,referral,39,desktop
u_00662,user662@example.com,2025-04-27T00:00:00Z,ES,mobile,18,tablet
u_00475,user475@example.com,2024-03-30,FR,web,49,desktop
u_00265,user265@example.com,2024-03-29,NL,web,44,mobile
u_00065,user65@example.com,20/01/2025,IT,web,63,mobile
u_00795,user795@example.com,2024-12-25 00:00,FR,referral,62,mobile
u_00215,user215@example.com,13/12/2024,IT,web,52,mobile
u_00643,user643@example.com,2024-03-25,FR,web,65,desktop
u_00794,user794@example.com,2025-01-13T00:00:00Z,FR,web,50,desktop
u_00176,user176@example.com,2024-03-06T00:00:00Z,FR,mobile,59,desktop
u_00399,user399@example.com,2024-08-06 00:00,UK,web,47,mobile
u_00173,user173@example.com,11/05/2025,FR,web,61,mobile
u_00333,user333@example.com,2025-07-07 00:00,IT,web,42,mobile
u_00033,user33@example.com,2025-02-09 00:00,FR,web,38,mobile
u_00032,user32@example.com,2025-01-10T00:00:00Z,NL,mobile,23,mobile
u_00745,user745@example.com,2025-11-18,UK,web,29,mobile
u_00236,user236@example.com,2024-05-15T00:00:00Z,DE,mobile,29,desktop
u_00375,user375@example.com,2024-02-17 00:00,FR,web,28,desktop
u_00398,user398@example.com,2024-02-04T00:00:00Z,FR,mobile,67,desktop
u_00409,user409@example.com,2026-02-10,FR,web,43,desktop
u_00700,user700@example.com,2025/11/10 00:00:00,FR,mobile,19,mobile
u_00686,user686@example.com,2024-01-22T00:00:00Z,FR,web,27,desktop
u_00419,user419@example.com,01/08/2024,FR,mobile,20,mobile
u_00390,user390@example.com,06-01-2025 00:00,ES,mobile,33,desktop
u_00709,user709@example.com,2025-05-22,UK,web,47,mobile
u_00551,user551@example.com,29/03/2026,UK,mobile,29,mobile
u_00266,user266@example.com,2025-01-06T00:00:00Z,FR,partner,53,mobile
u_00015,user15@example.com,2024-12-31 00:00,UK,web,56,mobile
u_00095,user95@example.com,18/12/2024,FR,mobile,43,mobile
u_00529,user529@example.com,2025-07-23,DE,web,27,desktop
u_00392,user392@example.com,2025-03-20T00:00:00Z,FR,web,65,mobile
u_00730,user730@example.com,2024/12/07 00:00:00,UK,web,21,desktop
u_00079,user79@example.com,2024-11-28,UK,mobile,52,mobile
u_00604,user604@example.com,2025/10/31 00:00:00,DE,web,45,desktop
u_00388,user388@example.com,2025/01/18 00:00:00,NL,partner,24,mobile
u_00184,user184@example.com,2024/02/03 00:00:00,FR,web,38,desktop
u_00450,user450@example.com,27-07-2025 00:00,UK,referral,47,desktop
u_00381,user381@example.com,2024-12-04 00:00,UK,mobile,62,mobile
u_00492,user492@example.com,07-02-2024 00:00,IT,mobile,63,mobile
u_00780,user780@example.com,17-08-2025 00:00,ES,referral,38,mobile
u_00191,user191@example.com,22/08/2024,NL,mobile,51,mobile
u_00773,user773@example.com,08/03/2024,UK,mobile,30,desktop
u_00622,user622@example.com,2025/08/06 00:00:00,UK,web,68,desktop
u_00365,user365@example.com,13/08/2024,IT,web,36,mobile
u_00136,user136@example.com,2025/01/11 00:00:00,FR,web,48,mobile
u_00246,user246@example.com,28-11-2025 00:00,ES,web,37,mobile
u_00275,user275@example.com,08/09/2024,IT,referral,25,mobile
u_00148,user148@example.com,2025/09/17 00:00:00,UK,referral,45,desktop
u_00106,user106@example.com,2024/06/16 00:00:00,IT,mobile,51,tablet
u_00295,user295@example.com,2025-01-26,ES,mobile,41,desktop
u_00325,user325@example.com,2024-03-30,ES,web,24,desktop
u_00771,user771@example.com,2024-01-26 00:00,FR,web,57,desktop
u_00800,user800@example.com,2024-03-14T00:00:00Z,IT,web,58,mobile
u_00540,user540@example.com,09-04-2025 00:00,ES,web,42,mobile
u_00692,user692@example.com,2024-11-06T00:00:00Z,ES,referral,58,mobile
u_00677,user677@example.com,09/02/2026,NL,web,31,mobile
u_00111,user111@example.com,2025-08-29 00:00,UK,mobile,67,mobile
u_00769,user769@example.com,2026-03-17,FR,web,34,desktop
u_00006,user6@example.com,17-02-2026 00:00,NL,web,57,desktop
u_00145,user145@example.com,2026-03-25,UK,web,19,mobile
u_00104,user104@example.com,2025-04-23T00:00:00Z,NL,web,55,mobile
u_00211,user211@example.com,2024-10-14,IT,mobile,61,desktop
u_00447,user447@example.com,2026-01-06 00:00,NL,mobile,48,desktop
u_00042,user42@example.com,17-08-2025 00:00,ES,mobile,24,desktop
u_00363,user363@example.com,2024-06-04 00:00,FR,referral,32,mobile
u_00650,user650@example.com,2025-11-04T00:00:00Z,FR,web,26,desktop
u_00378,user378@example.com,29-11-2025 00:00,UK,web,41,tablet
u_00255,user255@example.com,2025-05-09 00:00,FR,web,20,mobile
u_00147,user147@example.com,2025-04-22 00:00,FR,mobile,37,mobile
u_00638,user638@example.com,2025-08-31T00:00:00Z,IT,web,18,desktop
u_00087,user87@example.com,2024-08-01 00:00,DE,web,53,desktop
u_00543,user543@example.com,2025-02-01 00:00,ES,web,47,mobile
u_00432,user432@example.com,10-09-2024 00:00,DE,mobile,43,desktop
u_00066,user66@example.com,29-03-2025 00:00,UK,referral,48,mobile
u_00716,user716@example.com,2026-02-20T00:00:00Z,FR,web,54,desktop
u_00206,user206@example.com,2025-12-08T00:00:00Z,FR,web,67,mobile
u_00045,user45@example.com,2024-11-30 00:00,ES,web,57,desktop
u_00028,user28@example.com,2026/03/06 00:00:00,FR,web,45,desktop
u_00081,user81@example.com,2025-11-04 00:00,IT,web,37,mobile
u_00438,user438@example.com,17-07-2025 00:00,UK,web,60,desktop
u_00114,user114@example.com,19-10-2024 00:00,UK,partner,49,mobile
u_00205,user205@example.com,2025-08-02,FR,mobile,58,mobile
u_00520,user520@example.com,2025/09/01 00:00:00,ES,referral,29,desktop
u_00721,user721@example.com,2024-07-18,UK,web,40,desktop
u_00671,user671@example.com,22/02/2025,FR,referral,48,mobile
u_00625,user625@example.com,2025-06-07,NL,web,33,mobile
u_00412,user412@example.com,2024/07/19 00:00:00,IT,referral,25,desktop
u_00744,user744@example.com,10-10-2024 00:00,FR,web,59,desktop
u_00741,user741@example.com,2025-08-10 00:00,FR,referral,32,desktop
u_00009,user9@example.com,2024-12-01 00:00,FR,web,38,desktop
u_00074,user74@example.com,2024-10-28T00:00:00Z,FR,web,48,desktop
u_00401,user401@example.com,22/11/2024,FR,mobile,40,mobile
u_00119,user119@example.com,02/04/2026,UK,web,61,mobile
u_00702,user702@example.com,07-04-2026 00:00,FR,partner,29,mobile
u_00207,user207@example.com,2025-04-26 00:00,FR,referral,43,desktop
