subscription_id,user_id,plan_name,subscription_start_date,subscription_end_date,is_active,tenure_days,total_revenue,monthly_price,auto_renew,billing_cycle,last_payment_date,country,signup_source,device_type,age,cohort_month
s_000001,u_00001,Pro,2025-07-28,,1,342,233.65,19.99,True,monthly,2026-06-26,DE,mobile,mobile,49,2025-07
s_000002,u_00002,Premium,2024-01-30,,1,887,1232.6,39.99,True,monthly,2026-06-26,UK,web,desktop,49,2024-01
s_000003,u_00003,Premium,2026-01-25,,1,161,217.73,39.99,True,yearly,2026-07-06,ES,referral,mobile,29,2026-01
s_000004,u_00004,Pro,2025-03-10,,1,482,294.75,19.99,True,monthly,2026-06-23,IT,mobile,mobile,59,2025-03
s_000005,u_00005,Premium,2024-12-17,,1,565,752.71,39.99,False,monthly,2026-06-30,FR,web,desktop,53,2024-12
s_000006,u_00006,Basic,2026-02-26,2026-06-20,0,114,34.85,9.99,False,monthly,2026-06-01,NL,web,desktop,57,2026-02
s_000007,u_00007,Basic,2025-04-25,,1,436,132.65,9.99,True,monthly,2026-06-14,DE,mobile,tablet,42,2025-04
s_000008,u_00008,Basic,2024-12-21,,1,561,187.88,9.99,True,monthly,2026-06-12,DE,web,desktop,64,2024-12
s_000009,u_00009,Basic,2024-12-11,,1,571,195.28,9.99,True,monthly,2026-06-26,FR,web,desktop,38,2024-12
s_000010,u_00010,Basic,2026-01-09,,1,177,54.76,9.99,True,monthly,2026-06-26,UK,partner,desktop,59,2026-01
s_000011,u_00011,Basic,2025-09-06,,1,302,91.93,9.99,True,monthly,2026-06-21,UK,web,desktop,28,2025-09
s_000012,u_00012,Pro,2025-09-22,,1,286,197.54,19.99,True,monthly,2026-06-26,NL,web,mobile,30,2025-09
s_000013,u_00013,Pro,2024-11-06,,1,606,372.04,19.99,True,yearly,2026-06-30,IT,partner,mobile,45,2024-11
s_000014,u_00014,Pro,2025-07-24,2026-06-04,0,315,190.01,19.99,False,monthly,2026-05-24,ES,mobile,desktop,46,2025-07
s_000015,u_00015,Basic,2025-01-11,,1,540,181.62,9.99,True,monthly,2026-06-13,UK,web,mobile,56,2025-01
s_000016,u_00016,Pro,2024-09-03,2026-04-21,0,595,407.24,19.99,True,monthly,2026-04-10,FR,referral,desktop,33,2024-09
s_000017,u_00017,Basic,2024-07-09,,1,726,236.56,9.99,True,monthly,2026-06-23,UK,referral,desktop,63,2024-07
s_000018,u_00018,Basic,2025-11-15,,1,232,76.11,9.99,True,monthly,2026-06-14,FR,web,mobile,35,2025-11
s_000019,u_00019,Basic,2024-04-20,,1,806,255.44,9.99,True,monthly,2026-06-22,ES,mobile,tablet,45,2024-04
s_000020,u_00020,Basic,2025-12-06,2026-04-08,0,123,38.33,9.99,True,monthly,2026-03-31,IT,web,desktop,66,2025-12
s_000021,u_00021,Basic,2025-12-22,,1,195,66.14,9.99,False,monthly,2026-06-14,DE,web,desktop,46,2025-12
s_000022,u_00022,Pro,2025-11-22,,1,225,154.72,19.99,True,monthly,2026-06-30,FR,mobile,desktop,53,2025-11
s_000023,u_00023,Pro,2025-11-01,2026-05-02,0,182,114.99,19.99,True,monthly,2026-04-29,NL,web,mobile,65,2025-11
s_000024,u_00024,Pro,2024-05-18,,1,778,488.49,19.99,False,yearly,2026-06-19,ES,mobile,desktop,68,2024-05
s_000025,u_00025,Basic,2025-11-03,,1,244,76.7,9.99,True,monthly,2026-07-03,DE,referral,desktop,43,2025-11
s_000026,u_00026,Pro,2024-10-01,2026-05-05,0,581,351.36,19.99,True,yearly,2026-04-18,FR,web,mobile,39,2024-10
s_000027,u_00027,Pro,2025-05-16,,1,415,261.16,19.99,True,monthly,2026-06-14,UK,mobile,desktop,28,2025-05
s_000028,u_00028,Basic,2026-01-11,2026-04-21,0,100,30.1,9.99,True,monthly,2026-04-13,FR,web,desktop,45,2026-01
s_000029,u_00029,Pro,2025-04-16,,1,445,302.61,19.99,False,monthly,2026-07-04,FR,referral,desktop,65,2025-04
s_000030,u_00030,Basic,2026-01-24,,1,162,50.93,9.99,False,yearly,2026-06-26,IT,web,desktop,43,2026-01
s_000031,u_00031,Basic,2025-04-03,,1,458,153.39,9.99,True,monthly,2026-06-12,DE,mobile,desktop,36,2025-04
s_000032,u_00032,Basic,2025-01-29,,1,522,170.93,9.99,True,monthly,2026-06-29,NL,mobile,mobile,23,2025-01
s_000033,u_00033,Basic,2025-02-21,,1,499,170.77,9.99,True,monthly,2026-06-30,FR,web,mobile,38,2025-02
s_000034,u_00034,Basic,2025-09-10,,1,298,103.95,9.99,False,monthly,2026-06-27,UK,mobile,mobile,30,2025-09
s_000035,u_00035,Basic,2024-07-27,,1,708,225.49,9.99,True,monthly,2026-06-14,UK,mobile,tablet,68,2024-07
s_000036,u_00036,Basic,2024-12-22,,1,560,170.61,9.99,False,monthly,2026-06-23,FR,mobile,desktop,45,2024-12
s_000037,u_00037,Premium,2025-09-21,,1,287,388.68,39.99,True,monthly,2026-06-21,FR,mobile,desktop,25,2025-09
s_000038,u_00038,Basic,2025-04-25,,1,436,131.43,9.99,True,yearly,2026-06-17,UK,partner,mobile,21,2025-04
s_000039,u_00039,Basic,2026-01-16,,1,170,53.15,9.99,True,monthly,2026-06-19,FR,web,desktop,62,2026-01
s_000040,u_00040,Basic,2024-03-31,,1,826,250.05,9.99,True,yearly,2026-06-22,IT,web,mobile,66,2024-03
s_000041,u_00041,Premium,2024-08-18,,1,686,947.57,39.99,False,monthly,2026-06-22,UK,web,mobile,57,2024-08
s_000042,u_00042,Pro,2025-08-20,2026-05-19,0,272,163.26,19.99,True,monthly,2026-05-15,ES,mobile,desktop,24,2025-08
s_000043,u_00043,Premium,2024-10-20,,1,623,810.09,39.99,True,monthly,2026-06-26,IT,web,desktop,23,2024-10
s_000044,u_00044,Basic,2024-10-22,2026-06-17,0,603,193.49,9.99,True,yearly,2026-06-17,FR,web,desktop,28,2024-10
s_000045,u_00045,Basic,2024-11-30,,1,582,193.73,9.99,True,monthly,2026-06-16,ES,web,desktop,57,2024-11
s_000046,u_00046,Pro,2025-12-08,,1,209,132.02,19.99,True,monthly,2026-06-22,DE,referral,desktop,57,2025-12
s_000047,u_00047,Basic,2024-05-02,,1,794,272.96,9.99,True,monthly,2026-06-28,UK,web,desktop,61,2024-05
s_000048,u_00048,Pro,2024-03-08,,1,849,572.13,19.99,True,monthly,2026-07-04,FR,mobile,mobile,23,2024-03
s_000049,u_00049,Premium,2024-02-20,2026-06-09,0,840,1080.36,39.99,True,monthly,2026-06-09,IT,web,mobile,25,2024-02
s_000050,u_00050,Basic,2024-02-18,,1,868,275.98,9.99,False,monthly,2026-06-23,FR,partner,mobile,64,2024-02
s_000051,u_00051,Premium,2024-03-17,,1,840,1146.15,39.99,True,yearly,2026-07-02,FR,web,desktop,66,2024-03
s_000052,u_00052,Pro,2024-08-18,,1,686,463.98,19.99,False,monthly,2026-06-14,FR,web,desktop,55,2024-08
s_000053,u_00053,Basic,2026-01-04,,1,182,58.49,9.99,False,monthly,2026-07-02,DE,referral,desktop,23,2026-01
s_000054,u_00054,Basic,2025-03-31,,1,461,146.34,9.99,True,monthly,2026-06-16,IT,referral,desktop,21,2025-03
s_000055,u_00055,Basic,2025-09-29,,1,279,84.46,9.99,True,yearly,2026-06-22,IT,web,tablet,20,2025-09
s_000056,u_00056,Pro,2025-10-25,,1,253,154.4,19.99,False,yearly,2026-07-05,DE,web,desktop,53,2025-10
s_000057,u_00057,Basic,2024-06-07,,1,758,229.52,9.99,True,monthly,2026-06-18,UK,mobile,desktop,61,2024-06
s_000058,u_00058,Basic,2024-07-07,,1,728,219.37,9.99,True,yearly,2026-06-15,UK,referral,mobile,50,2024-07
s_000059,u_00059,Pro,2025-02-17,2026-04-21,0,428,263.21,19.99,True,monthly,2026-03-28,FR,web,desktop,31,2025-02
s_000060,u_00060,Basic,2024-08-22,,1,682,233.94,9.99,True,yearly,2026-06-17,FR,web,desktop,57,2024-08
s_000061,u_00061,Basic,2025-12-25,,1,192,65.54,9.99,True,yearly,2026-06-18,IT,mobile,desktop,21,2025-12
s_000062,u_00062,Pro,2025-10-27,,1,251,172.42,19.99,False,monthly,2026-06-28,UK,mobile,mobile,61,2025-10
s_000063,u_00063,Basic,2024-05-13,,1,783,259.39,9.99,True,monthly,2026-07-04,UK,mobile,mobile,64,2024-05
s_000064,u_00064,Basic,2025-04-15,2026-05-10,0,390,129.04,9.99,False,monthly,2026-04-20,DE,mobile,desktop,55,2025-04
s_000065,u_00065,Basic,2025-02-02,,1,518,158.76,9.99,True,monthly,2026-06-22,IT,web,mobile,63,2025-02
s_000066,u_00066,Basic,2025-04-08,,1,453,151.91,9.99,True,monthly,2026-06-20,UK,referral,mobile,48,2025-04
s_000067,u_00067,Basic,2025-10-31,,1,247,77.79,9.99,True,monthly,2026-06-17,UK,referral,mobile,42,2025-10
s_000068,u_00068,Pro,2024-06-09,,1,756,493.26,19.99,True,monthly,2026-06-28,FR,mobile,desktop,34,2024-06
s_000069,u_00069,Premium,2024-08-15,,1,689,959.51,39.99,True,yearly,2026-07-06,FR,web,desktop,65,2024-08
s_000070,u_00070,Basic,2024-10-10,,1,633,217.58,9.99,True,monthly,2026-06-14,UK,web,mobile,54,2024-10
s_000071,u_00071,Premium,2025-06-25,,1,375,468.62,39.99,True,monthly,2026-06-21,FR,mobile,desktop,27,2025-06
s_000072,u_00072,Pro,2024-11-06,,1,606,408.71,19.99,True,monthly,2026-06-22,UK,web,mobile,67,2024-11
s_000073,u_00073,Pro,2024-03-07,2026-05-23,0,807,492.35,19.99,True,monthly,2026-05-02,ES,partner,mobile,21,2024-03
s_000074,u_00074,Pro,2024-10-31,,1,612,369.25,19.99,True,monthly,2026-06-17,FR,web,desktop,48,2024-10
s_000075,u_00075,Pro,2025-03-10,,1,482,291.02,19.99,True,monthly,2026-06-20,FR,mobile,mobile,27,2025-03
s_000076,u_00076,Pro,2025-09-02,,1,306,189.33,19.99,True,monthly,2026-06-17,FR,referral,tablet,52,2025-09
s_000077,u_00077,Basic,2025-02-23,,1,497,166.54,9.99,True,monthly,2026-06-29,FR,web,mobile,39,2025-02
s_000078,u_00078,Basic,2025-06-22,2026-06-05,0,348,110.61,9.99,True,monthly,2026-05-12,IT,web,desktop,40,2025-06
s_000079,u_00079,Basic,2024-12-13,,1,569,171.28,9.99,True,monthly,2026-07-01,UK,mobile,mobile,52,2024-12
s_000080,u_00080,Basic,2025-12-29,2026-05-23,0,145,50.61,9.99,True,monthly,2026-05-06,DE,mobile,desktop,57,2025-12
s_000081,u_00081,Pro,2025-11-09,,1,238,156.07,19.99,True,monthly,2026-06-24,IT,web,mobile,37,2025-11
s_000082,u_00082,Basic,2024-07-21,,1,714,228.35,9.99,True,monthly,2026-06-12,UK,mobile,mobile,69,2024-07
s_000083,u_00083,Basic,2025-06-19,,1,381,124.39,9.99,True,monthly,2026-06-26,DE,referral,mobile,43,2025-06
s_000084,u_00084,Basic,2025-04-26,,1,435,141.99,9.99,True,monthly,2026-07-01,FR,web,desktop,26,2025-04
s_000085,u_00085,Basic,2025-02-06,,1,514,166.44,9.99,False,monthly,2026-07-03,FR,web,desktop,18,2025-02
s_000086,u_00086,Pro,2025-04-29,,1,432,286.2,19.99,False,yearly,2026-06-15,FR,web,desktop,28,2025-04
s_000087,u_00087,Pro,2024-08-17,,1,687,473.49,19.99,True,monthly,2026-06-19,DE,web,desktop,53,2024-08
s_000088,u_00088,Basic,2025-09-22,,1,286,90.34,9.99,True,monthly,2026-06-22,UK,web,desktop,46,2025-09
s_000089,u_00089,Basic,2024-08-20,,1,684,221.96,9.99,True,monthly,2026-06-26,FR,web,mobile,35,2024-08
s_000090,u_00090,Basic,2025-10-28,2026-05-08,0,192,57.58,9.99,False,monthly,2026-04-15,UK,mobile,desktop,43,2025-10
s_000091,u_00091,Basic,2025-06-16,,1,384,131.92,9.99,True,monthly,2026-06-19,FR,web,mobile,61,2025-06
s_000092,u_00092,Pro,2024-12-20,,1,562,354.84,19.99,True,monthly,2026-06-12,IT,partner,mobile,47,2024-12
s_000093,u_00093,Pro,2024-05-09,,1,787,493.93,19.99,True,yearly,2026-06-16,UK,web,desktop,21,2024-05
s_000094,u_00094,Basic,2025-10-18,2026-06-10,0,235,82.14,9.99,True,monthly,2026-05-28,UK,web,mobile,20,2025-10
s_000095,u_00095,Basic,2024-12-20,,1,562,185.17,9.99,True,monthly,2026-06-30,FR,mobile,mobile,43,2024-12
s_000096,u_00096,Premium,2026-02-22,,1,133,164.06,39.99,True,monthly,2026-06-20,IT,referral,desktop,39,2026-02
s_000097,u_00097,Pro,2026-02-19,,1,136,85.79,19.99,True,monthly,2026-06-19,UK,web,desktop,62,2026-02
s_000098,u_00098,Basic,2024-08-05,,1,699,222.14,9.99,True,monthly,2026-06-23,FR,web,mobile,48,2024-08
s_000099,u_00099,Basic,2024-09-05,,1,668,233.45,9.99,False,monthly,2026-07-06,FR,web,tablet,57,2024-09
s_000100,u_00100,Basic,2025-06-14,,1,386,124.31,9.99,False,yearly,2026-06-12,NL,web,mobile,48,2025-06
s_000101,u_00101,Premium,2024-11-26,,1,586,731.23,39.99,True,monthly,2026-06-16,ES,web,mobile,35,2024-11
s_000102,u_00102,Basic,2025-06-09,,1,391,128.64,9.99,True,monthly,2026-06-28,IT,web,tablet,52,2025-06
s_000103,u_00103,Basic,2025-09-14,,1,294,94.38,9.99,True,monthly,2026-06-24,FR,web,desktop,50,2025-09
s_000104,u_00104,Premium,2025-04-27,,1,434,526.65,39.99,False,monthly,2026-07-03,NL,web,mobile,55,2025-04
s_000105,u_00105,Pro,2025-08-12,,1,327,224.93,19.99,False,yearly,2026-06-13,DE,partner,desktop,27,2025-08
s_000106,u_00106,Basic,2024-07-04,2026-04-22,0,657,197.42,9.99,True,monthly,2026-04-13,IT,mobile,tablet,51,2024-07
s_000107,u_00107,Basic,2025-05-24,2026-05-10,0,351,120.95,9.99,False,monthly,2026-05-04,UK,web,desktop,32,2025-05
s_000108,u_00108,Basic,2025-08-06,,1,333,113.31,9.99,True,monthly,2026-06-21,FR,web,desktop,59,2025-08
s_000109,u_00109,Pro,2025-01-31,,1,520,316.39,19.99,True,yearly,2026-06-12,FR,web,mobile,59,2025-01
s_000110,u_00110,Basic,2024-08-03,2026-06-17,0,683,229.38,9.99,True,monthly,2026-06-04,ES,web,desktop,50,2024-08
s_000111,u_00111,Premium,2025-09-13,,1,295,400.74,39.99,True,monthly,2026-07-03,UK,mobile,mobile,67,2025-09
s_000112,u_00112,Premium,2024-03-21,,1,836,1104.95,39.99,True,yearly,2026-06-15,FR,referral,desktop,45,2024-03
s_000113,u_00113,Basic,2025-04-11,,1,450,148.18,9.99,True,monthly,2026-06-30,FR,referral,tablet,19,2025-04
s_000114,u_00114,Pro,2024-10-27,,1,616,373.08,19.99,False,monthly,2026-06-14,UK,partner,mobile,49,2024-10
s_000115,u_00115,Basic,2024-03-03,,1,854,258.78,9.99,True,monthly,2026-06-27,FR,partner,desktop,58,2024-03
s_000116,u_00116,Basic,2025-04-23,2026-05-18,0,390,131.05,9.99,False,monthly,2026-05-08,ES,partner,mobile,23,2025-04
s_000117,u_00117,Pro,2025-11-02,,1,245,150.12,19.99,False,monthly,2026-06-25,DE,web,desktop,23,2025-11
s_000118,u_00118,Basic,2024-08-20,,1,684,213.57,9.99,True,yearly,2026-07-02,IT,web,mobile,32,2024-08
s_000119,u_00119,Basic,2026-01-20,,1,166,54.21,9.99,False,monthly,2026-06-23,UK,web,mobile,61,2026-01
s_000120,u_00120,Basic,2025-04-02,,1,459,141.63,9.99,True,monthly,2026-06-26,IT,mobile,mobile,45,2025-04
s_000121,u_00121,Basic,2024-02-08,,1,878,298.12,9.99,True,yearly,2026-06-15,UK,web,desktop,68,2024-02
s_000122,u_00122,Basic,2025-05-26,,1,405,138.05,9.99,True,monthly,2026-06-25,IT,referral,desktop,63,2025-05
s_000123,u_00123,Pro,2024-10-13,,1,630,431.52,19.99,True,yearly,2026-06-12,FR,mobile,mobile,46,2024-10
s_000124,u_00124,Pro,2025-02-24,,1,496,300.51,19.99,False,monthly,2026-06-29,UK,mobile,mobile,53,2025-02
s_000125,u_00125,Pro,2025-10-21,,1,257,165.76,19.99,True,yearly,2026-06-28,FR,web,desktop,35,2025-10
s_000126,u_00126,Pro,2025-08-04,,1,335,229.94,19.99,True,monthly,2026-07-06,UK,web,desktop,22,2025-08
s_000127,u_00127,Basic,2025-02-24,,1,496,157.97,9.99,True,monthly,2026-06-18,FR,web,desktop,38,2025-02
s_000128,u_00128,Pro,2026-01-20,,1,166,111.76,19.99,True,monthly,2026-07-05,FR,referral,mobile,48,2026-01
s_000129,u_00129,Basic,2025-05-19,,1,412,135.93,9.99,False,monthly,2026-06-29,FR,mobile,desktop,27,2025-05
s_000130,u_00130,Basic,2025-05-19,,1,412,130.94,9.99,True,yearly,2026-06-14,UK,mobile,desktop,29,2025-05
s_000131,u_00131,Premium,2024-06-16,,1,749,941.23,39.99,False,monthly,2026-06-21,FR,web,tablet,18,2024-06
s_000132,u_00132,Basic,2026-01-16,,1,170,56.82,9.99,True,monthly,2026-06-23,NL,web,desktop,56,2026-01
s_000133,u_00133,Basic,2024-06-06,,1,759,232.84,9.99,False,monthly,2026-06-16,UK,web,mobile,64,2024-06
s_000134,u_00134,Basic,2025-05-21,,1,410,140.83,9.99,True,monthly,2026-06-17,FR,mobile,desktop,61,2025-05
s_000135,u_00135,Basic,2024-11-13,,1,599,197.1,9.99,True,monthly,2026-06-14,UK,mobile,mobile,37,2024-11
s_000136,u_00136,Basic,2025-01-24,,1,527,161.18,9.99,True,monthly,2026-06-20,FR,web,mobile,48,2025-01
s_000137,u_00137,Basic,2025-08-15,,1,324,108.82,9.99,True,monthly,2026-06-25,NL,partner,mobile,67,2025-08
s_000138,u_00138,Premium,2024-03-27,,1,830,1068.58,39.99,False,yearly,2026-07-03,UK,web,desktop,48,2024-03
s_000139,u_00139,Basic,2025-10-18,,1,260,80.88,9.99,True,monthly,2026-06-27,DE,referral,desktop,33,2025-10
s_000140,u_00140,Basic,2025-12-16,,1,201,70.24,9.99,True,monthly,2026-06-19,FR,web,mobile,35,2025-12
s_000141,u_00141,Basic,2024-08-20,2026-04-24,0,612,205.42,9.99,False,monthly,2026-04-08,UK,web,desktop,55,2024-08
s_000142,u_00142,Pro,2024-12-08,2026-04-14,0,492,324.21,19.99,True,monthly,2026-04-13,UK,referral,desktop,41,2024-12
s_000143,u_00143,Basic,2024-04-27,,1,799,273.68,9.99,True,monthly,2026-06-27,NL,web,desktop,61,2024-04
s_000144,u_00144,Basic,2025-04-05,,1,456,149.38,9.99,False,monthly,2026-07-01,UK,web,tablet,62,2025-04
s_000145,u_00145,Basic,2025-12-10,,1,207,66.92,9.99,True,monthly,2026-06-15,UK,web,mobile,19,2025-12
s_000146,u_00146,Pro,2025-11-25,,1,222,137.96,19.99,False,monthly,2026-06-27,FR,web,mobile,55,2025-11
s_000147,u_00147,Pro,2025-04-29,,1,432,266.31,19.99,True,monthly,2026-06-26,FR,mobile,mobile,37,2025-04
s_000148,u_00148,Pro,2025-09-24,,1,284,183.22,19.99,False,monthly,2026-06-26,UK,referral,desktop,45,2025-09
s_000149,u_00149,Pro,2024-04-07,,1,819,529.13,19.99,True,monthly,2026-06-29,UK,referral,desktop,31,2024-04
s_000150,u_00150,Basic,2026-01-19,,1,167,56.5,9.99,True,monthly,2026-06-14,FR,web,desktop,37,2026-01
s_000151,u_00151,Basic,2024-05-04,,1,792,255.17,9.99,True,monthly,2026-06-18,ES,web,mobile,35,2024-05
s_000152,u_00152,Basic,2025-10-21,,1,257,84.97,9.99,False,monthly,2026-07-03,ES,web,desktop,20,2025-10
s_000153,u_00153,Basic,2026-01-18,,1,168,57.68,9.99,True,monthly,2026-07-01,FR,web,mobile,58,2026-01
s_000154,u_00154,Basic,2025-08-31,,1,308,107.94,9.99,False,monthly,2026-07-04,UK,web,mobile,25,2025-08
s_000155,u_00155,Basic,2025-12-26,,1,191,60.64,9.99,True,monthly,2026-06-30,FR,partner,desktop,37,2025-12
s_000156,u_00156,Basic,2025-05-28,,1,403,139.28,9.99,True,monthly,2026-06-20,IT,referral,mobile,28,2025-05
s_000157,u_00157,Pro,2025-07-31,2026-06-25,0,329,223.81,19.99,False,yearly,2026-06-13,FR,mobile,desktop,26,2025-07
s_000158,u_00158,Basic,2025-02-11,,1,509,154.58,9.99,True,monthly,2026-07-04,IT,web,tablet,37,2025-02
s_000159,u_00159,Pro,2025-02-12,,1,508,322.25,19.99,True,monthly,2026-07-05,DE,web,mobile,65,2025-02
s_000160,u_00160,Pro,2025-11-24,,1,223,139.24,19.99,False,monthly,2026-06-26,DE,web,mobile,67,2025-11
s_000161,u_00161,Basic,2025-12-28,,1,189,63.25,9.99,True,monthly,2026-06-30,FR,web,desktop,37,2025-12
s_000162,u_00162,Basic,2025-12-09,,1,208,68.43,9.99,True,monthly,2026-06-22,NL,web,desktop,44,2025-12
s_000163,u_00163,Pro,2025-11-04,,1,243,158.4,19.99,True,yearly,2026-07-04,FR,web,desktop,69,2025-11
s_000164,u_00164,Pro,2026-02-10,,1,145,98.7,19.99,True,monthly,2026-07-01,FR,web,desktop,30,2026-02
s_000165,u_00165,Basic,2025-08-11,2026-05-22,0,284,89.84,9.99,True,monthly,2026-05-15,UK,partner,desktop,67,2025-08
s_000166,u_00166,Basic,2025-01-19,,1,532,169.93,9.99,True,monthly,2026-06-27,UK,web,desktop,23,2025-01
s_000167,u_00167,Pro,2025-08-17,,1,322,221.65,19.99,True,monthly,2026-07-01,ES,partner,tablet,29,2025-08
s_000168,u_00168,Pro,2025-07-20,,1,350,244.6,19.99,True,monthly,2026-07-05,DE,web,desktop,35,2025-07
s_000169,u_00169,Basic,2025-04-02,,1,459,155.7,9.99,True,monthly,2026-06-28,FR,mobile,desktop,19,2025-04
s_000170,u_00170,Basic,2025-01-19,,1,532,165.52,9.99,True,monthly,2026-06-28,NL,web,mobile,60,2025-01
s_000171,u_00171,Premium,2025-07-15,,1,355,435.11,39.99,True,yearly,2026-06-14,FR,web,mobile,62,2025-07
s_000172,u_00172,Basic,2025-10-14,,1,264,82.19,9.99,True,monthly,2026-06-14,UK,web,mobile,37,2025-10
s_000173,u_00173,Premium,2025-05-21,,1,410,527.82,39.99,True,yearly,2026-06-26,FR,web,mobile,61,2025-05
s_000174,u_00174,Basic,2025-11-15,2026-04-27,0,163,50.78,9.99,False,monthly,2026-04-17,NL,referral,mobile,58,2025-11
s_000175,u_00175,Basic,2025-03-08,,1,484,167.18,9.99,True,monthly,2026-06-21,FR,web,mobile,59,2025-03
s_000176,u_00176,Basic,2024-03-20,,1,837,279.22,9.99,True,monthly,2026-06-27,FR,mobile,desktop,59,2024-03
s_000177,u_00177,Basic,2025-05-20,,1,411,132.05,9.99,True,monthly,2026-06-18,UK,web,mobile,47,2025-05
s_000178,u_00178,Premium,2026-01-15,,1,171,215.77,39.99,True,yearly,2026-06-12,NL,web,desktop,23,2026-01
s_000179,u_00179,Basic,2024-09-15,,1,658,210.03,9.99,False,monthly,2026-06-26,ES,web,desktop,66,2024-09
s_000180,u_00180,Premium,2025-12-28,,1,189,246.03,39.99,False,yearly,2026-07-04,DE,web,desktop,49,2025-12
s_000181,u_00181,Basic,2025-11-13,,1,234,78.81,9.99,False,monthly,2026-07-03,ES,partner,desktop,64,2025-11
s_000182,u_00182,Premium,2025-12-28,,1,189,231.34,39.99,True,monthly,2026-06-15,ES,referral,mobile,67,2025-12
s_000183,u_00183,Premium,2024-05-05,,1,791,1084.58,39.99,True,monthly,2026-06-26,UK,mobile,desktop,27,2024-05
s_000184,u_00184,Pro,2024-02-20,,1,866,530.99,19.99,True,monthly,2026-06-28,FR,web,desktop,38,2024-02
s_000185,u_00185,Basic,2025-01-12,,1,539,168.92,9.99,True,yearly,2026-06-21,DE,web,desktop,28,2025-01
s_000186,u_00186,Pro,2024-11-24,,1,588,411.72,19.99,True,yearly,2026-06-13,IT,referral,mobile,20,2024-11
s_000187,u_00187,Basic,2024-11-07,,1,605,187.38,9.99,True,monthly,2026-06-26,UK,web,desktop,68,2024-11
s_000188,u_00188,Premium,2024-12-15,,1,567,692.92,39.99,True,monthly,2026-06-29,FR,web,mobile,66,2024-12
s_000189,u_00189,Basic,2025-01-22,,1,529,175.74,9.99,False,monthly,2026-06-15,DE,web,mobile,66,2025-01
s_000190,u_00190,Basic,2024-01-30,,1,887,283.57,9.99,True,monthly,2026-07-04,FR,mobile,desktop,63,2024-01
s_000191,u_00191,Basic,2024-09-07,,1,666,202.96,9.99,True,monthly,2026-06-15,NL,mobile,mobile,51,2024-09
s_000192,u_00192,Pro,2026-01-27,,1,159,96.01,19.99,False,monthly,2026-06-23,FR,mobile,desktop,45,2026-01
s_000193,u_00193,Premium,2025-06-13,,1,387,471.63,39.99,False,monthly,2026-07-06,FR,mobile,desktop,69,2025-06
s_000194,u_00194,Basic,2024-02-23,,1,863,281.5,9.99,True,yearly,2026-07-01,ES,web,mobile,46,2024-02
s_000195,u_00195,Pro,2025-05-29,,1,402,250.98,19.99,True,monthly,2026-06-20,FR,referral,mobile,51,2025-05
s_000196,u_00196,Premium,2025-11-03,,1,244,332.02,39.99,True,monthly,2026-06-18,FR,web,desktop,29,2025-11
s_000197,u_00197,Basic,2024-05-05,,1,791,271.29,9.99,True,monthly,2026-07-02,UK,mobile,mobile,56,2024-05
s_000198,u_00198,Basic,2024-11-27,,1,585,179.86,9.99,True,yearly,2026-06-20,ES,web,desktop,60,2024-11
s_000199,u_00199,Pro,2025-01-23,,1,528,335.06,19.99,True,monthly,2026-06-12,FR,partner,mobile,53,2025-01
s_000200,u_00200,Pro,2025-05-20,,1,411,253.11,19.99,True,monthly,2026-06-19,FR,web,mobile,43,2025-05
s_000201,u_00201,Basic,2026-01-05,,1,181,57.15,9.99,True,monthly,2026-06-19,DE,web,mobile,28,2026-01
s_000202,u_00202,Pro,2025-06-16,,1,384,240.09,19.99,True,yearly,2026-07-02,NL,web,mobile,19,2025-06
s_000203,u_00203,Basic,2025-05-03,2026-05-29,0,391,132.55,9.99,False,monthly,2026-05-12,UK,web,desktop,50,2025-05
s_000204,u_00204,Premium,2024-03-15,,1,842,1069.58,39.99,True,monthly,2026-07-04,FR,web,mobile,53,2024-03
s_000205,u_00205,Premium,2025-08-14,,1,325,423.4,39.99,True,monthly,2026-06-29,FR,mobile,mobile,58,2025-08
s_000206,u_00206,Pro,2025-12-20,,1,197,132.08,19.99,True,monthly,2026-06-14,FR,web,mobile,67,2025-12
s_000207,u_00207,Basic,2025-05-06,,1,425,145.17,9.99,False,monthly,2026-06-12,FR,referral,desktop,43,2025-05
s_000208,u_00208,Basic,2024-02-05,,1,881,277.61,9.99,True,monthly,2026-07-02,IT,web,desktop,61,2024-02
s_000209,u_00209,Basic,2025-03-30,,1,462,143.6,9.99,False,monthly,2026-06-18,FR,mobile,desktop,55,2025-03
s_000210,u_00210,Basic,2025-06-15,,1,385,134.55,9.99,True,monthly,2026-06-24,UK,web,desktop,32,2025-06
s_000211,u_00211,Pro,2024-10-20,2026-05-25,0,582,367.65,19.99,True,monthly,2026-05-13,IT,mobile,desktop,61,2024-10
s_000212,u_00212,Basic,2024-11-17,,1,595,198.6,9.99,True,monthly,2026-06-15,UK,mobile,desktop,20,2024-11
s_000213,u_00213,Basic,2025-08-27,,1,312,104.4,9.99,True,monthly,2026-06-25,FR,web,mobile,49,2025-08
s_000214,u_00214,Basic,2024-02-26,2026-05-25,0,819,266.48,9.99,False,monthly,2026-05-09,DE,partner,desktop,66,2024-02
s_000215,u_00215,Basic,2024-12-25,,1,557,173.6,9.99,True,monthly,2026-06-23,IT,web,mobile,52,2024-12
s_000216,u_00216,Basic,2026-02-22,,1,133,41.11,9.99,True,monthly,2026-06-15,DE,web,desktop,66,2026-02
s_000217,u_00217,Pro,2025-05-20,,1,411,267.13,19.99,True,monthly,2026-07-01,FR,mobile,mobile,20,2025-05
s_000218,u_00218,Pro,2024-03-24,,1,833,542.74,19.99,True,monthly,2026-06-13,FR,referral,desktop,45,2024-03
s_000219,u_00219,Basic,2025-06-03,,1,397,134.66,9.99,True,yearly,2026-06-20,NL,web,desktop,58,2025-06
s_000220,u_00220,Premium,2025-01-19,,1,532,715.09,39.99,True,monthly,2026-06-12,UK,web,mobile,51,2025-01
s_000221,u_00221,Premium,2024-12-01,,1,581,804.36,39.99,False,monthly,2026-06-27,FR,referral,mobile,63,2024-12
s_000222,u_00222,Basic,2024-10-03,,1,640,223.19,9.99,False,monthly,2026-06-25,UK,mobile,desktop,42,2024-10
s_000223,u_00223,Pro,2024-05-03,,1,793,533.92,19.99,False,monthly,2026-07-05,IT,partner,desktop,53,2024-05
s_000224,u_00224,Basic,2025-12-09,,1,208,63.44,9.99,True,monthly,2026-06-13,NL,web,mobile,39,2025-12
s_000225,u_00225,Basic,2025-03-04,,1,488,156.45,9.99,True,monthly,2026-06-16,FR,mobile,mobile,63,2025-03
s_000226,u_00226,Basic,2025-02-01,,1,519,171.66,9.99,True,yearly,2026-06-29,NL,web,desktop,24,2025-02
s_000227,u_00227,Basic,2025-12-19,,1,198,65.51,9.99,True,monthly,2026-07-05,FR,partner,desktop,31,2025-12
s_000228,u_00228,Premium,2024-10-24,2026-06-03,0,587,725.52,39.99,True,monthly,2026-05-18,UK,web,desktop,23,2024-10
s_000229,u_00229,Premium,2026-01-08,,1,178,235.61,39.99,True,monthly,2026-06-23,IT,mobile,mobile,54,2026-01
s_000230,u_00230,Pro,2025-04-04,,1,457,290.67,19.99,True,monthly,2026-07-03,FR,web,desktop,30,2025-04
s_000231,u_00231,Pro,2025-07-20,,1,350,222.39,19.99,True,yearly,2026-06-14,FR,mobile,desktop,34,2025-07
s_000232,u_00232,Pro,2025-12-04,,1,213,146.17,19.99,False,monthly,2026-06-26,UK,mobile,tablet,61,2025-12
s_000233,u_00233,Premium,2024-06-23,2026-06-06,0,713,915.54,39.99,True,monthly,2026-05-16,NL,web,desktop,36,2024-06
s_000234,u_00234,Basic,2025-10-09,,1,269,88.03,9.99,True,monthly,2026-06-23,UK,referral,desktop,25,2025-10
s_000235,u_00235,Basic,2025-10-02,,1,276,90.8,9.99,True,monthly,2026-07-04,NL,web,desktop,19,2025-10
s_000236,u_00236,Pro,2024-05-31,,1,765,502.47,19.99,True,monthly,2026-06-14,DE,mobile,desktop,29,2024-05
s_000237,u_00237,Basic,2024-05-12,,1,784,243.62,9.99,False,monthly,2026-06-20,UK,web,desktop,65,2024-05
s_000238,u_00238,Basic,2025-11-23,,1,224,74.17,9.99,True,yearly,2026-06-14,DE,web,desktop,46,2025-11
s_000239,u_00239,Basic,2025-09-07,,1,301,95.56,9.99,False,monthly,2026-06-21,FR,web,mobile,69,2025-09
s_000240,u_00240,Pro,2024-09-29,,1,644,429.03,19.99,False,monthly,2026-06-14,FR,web,mobile,29,2024-09
s_000241,u_00241,Basic,2024-07-22,,1,713,219.18,9.99,True,monthly,2026-06-15,ES,web,desktop,36,2024-07
s_000242,u_00242,Basic,2024-01-27,,1,890,311.28,9.99,True,yearly,2026-07-01,DE,mobile,mobile,26,2024-01
s_000243,u_00243,Basic,2025-01-31,2026-04-17,0,441,149.17,9.99,True,monthly,2026-04-13,FR,mobile,desktop,38,2025-01
s_000244,u_00244,Basic,2026-01-05,2026-06-12,0,158,50.65,9.99,True,monthly,2026-06-06,UK,mobile,tablet,47,2026-01
s_000245,u_00245,Premium,2024-05-03,,1,793,1000.4,39.99,True,monthly,2026-06-25,UK,web,desktop,60,2024-05
s_000246,u_00246,Basic,2025-12-03,2026-06-11,0,190,60.62,9.99,False,monthly,2026-06-01,ES,web,mobile,37,2025-12
s_000247,u_00247,Pro,2026-01-11,,1,175,118.23,19.99,True,yearly,2026-07-05,UK,web,desktop,58,2026-01
s_000248,u_00248,Pro,2024-10-25,,1,618,411.76,19.99,False,monthly,2026-06-27,UK,mobile,mobile,50,2024-10
s_000249,u_00249,Basic,2024-12-06,,1,576,193.16,9.99,True,monthly,2026-07-04,UK,referral,desktop,33,2024-12
s_000250,u_00250,Pro,2025-11-24,2026-05-06,0,163,112.23,19.99,False,yearly,2026-04-18,UK,web,mobile,65,2025-11
s_000251,u_00251,Pro,2025-12-08,,1,209,135.51,19.99,True,monthly,2026-06-24,IT,mobile,desktop,40,2025-12
s_000252,u_00252,Pro,2024-12-31,,1,551,367.97,19.99,True,monthly,2026-06-20,ES,web,mobile,25,2024-12
s_000253,u_00253,Basic,2025-09-16,,1,292,94.27,9.99,True,monthly,2026-07-04,UK,web,desktop,68,2025-09
s_000254,u_00254,Basic,2024-10-09,,1,634,210.55,9.99,True,monthly,2026-06-18,FR,web,mobile,65,2024-10
s_000255,u_00255,Premium,2025-05-28,,1,403,523.03,39.99,False,yearly,2026-06-26,FR,web,mobile,20,2025-05
s_000256,u_00256,Pro,2025-01-04,,1,547,371.18,19.99,True,monthly,2026-06-29,DE,mobile,tablet,64,2025-01
s_000257,u_00257,Premium,2025-03-31,,1,461,554.75,39.99,True,monthly,2026-06-20,DE,referral,desktop,67,2025-03
s_000258,u_00258,Premium,2025-07-05,,1,365,454.88,39.99,True,monthly,2026-07-03,FR,web,desktop,61,2025-07
s_000259,u_00259,Basic,2025-07-17,,1,353,111.34,9.99,True,yearly,2026-06-24,FR,mobile,desktop,31,2025-07
s_000260,u_00260,Pro,2024-09-21,,1,652,453.31,19.99,True,monthly,2026-06-26,UK,mobile,desktop,50,2024-09
s_000261,u_00261,Basic,2025-03-05,,1,487,158.61,9.99,True,yearly,2026-07-02,FR,partner,mobile,45,2025-03
s_000262,u_00262,Pro,2024-12-15,2026-06-26,0,558,354.95,19.99,True,yearly,2026-06-17,ES,mobile,tablet,50,2024-12
s_000263,u_00263,Basic,2025-01-02,,1,549,175.94,9.99,True,monthly,2026-07-05,FR,web,tablet,50,2025-01
s_000264,u_00264,Basic,2025-10-25,,1,253,81.86,9.99,True,yearly,2026-06-25,FR,mobile,desktop,51,2025-10
s_000265,u_00265,Pro,2024-04-12,,1,814,559.45,19.99,False,monthly,2026-06-12,NL,web,mobile,44,2024-04
s_000266,u_00266,Pro,2025-01-06,,1,545,379.95,19.99,True,monthly,2026-06-20,FR,partner,mobile,53,2025-01
s_000267,u_00267,Pro,2024-09-15,,1,658,450.8,19.99,True,monthly,2026-06-21,FR,web,tablet,45,2024-09
s_000268,u_00268,Basic,2024-05-10,,1,786,268.95,9.99,True,yearly,2026-06-14,FR,mobile,desktop,18,2024-05
s_000269,u_00269,Basic,2024-04-03,,1,823,255.14,9.99,True,monthly,2026-07-04,FR,web,desktop,19,2024-04
s_000270,u_00270,Premium,2024-10-20,,1,623,782.14,39.99,True,monthly,2026-06-23,FR,web,mobile,67,2024-10
s_000271,u_00271,Basic,2024-07-26,,1,709,233.93,9.99,True,yearly,2026-06-28,FR,referral,desktop,65,2024-07
s_000272,u_00272,Basic,2025-03-28,,1,464,154.6,9.99,True,monthly,2026-06-20,FR,mobile,desktop,48,2025-03
s_000273,u_00273,Pro,2024-08-31,,1,673,417.85,19.99,True,yearly,2026-06-15,FR,web,tablet,27,2024-08
s_000274,u_00274,Basic,2025-07-31,,1,339,114.57,9.99,True,yearly,2026-07-05,UK,referral,tablet,58,2025-07
s_000275,u_00275,Pro,2024-09-09,,1,664,412.09,19.99,False,monthly,2026-07-03,IT,referral,mobile,25,2024-09
s_000276,u_00276,Basic,2026-01-28,,1,158,49.74,9.99,True,monthly,2026-06-13,UK,web,mobile,37,2026-01
s_000277,u_00277,Pro,2024-03-31,,1,826,521.31,19.99,True,monthly,2026-06-24,FR,mobile,desktop,35,2024-03
s_000278,u_00278,Premium,2025-10-09,,1,269,369.59,39.99,True,yearly,2026-06-29,UK,web,desktop,18,2025-10
s_000279,u_00279,Premium,2024-11-11,,1,601,810.34,39.99,True,monthly,2026-07-03,ES,mobile,desktop,59,2024-11
s_000280,u_00280,Pro,2025-11-05,2026-05-03,0,179,116.84,19.99,False,monthly,2026-05-03,ES,web,mobile,44,2025-11
s_000281,u_00281,Basic,2025-12-02,,1,215,73.58,9.99,True,monthly,2026-07-01,FR,web,desktop,34,2025-12
s_000282,u_00282,Pro,2024-02-17,,1,869,592.43,19.99,True,monthly,2026-07-02,FR,referral,mobile,44,2024-02
s_000283,u_00283,Pro,2024-06-05,,1,760,486.02,19.99,True,monthly,2026-07-04,FR,referral,desktop,18,2024-06
s_000284,u_00284,Pro,2025-10-09,,1,269,183.01,19.99,True,monthly,2026-06-12,FR,referral,mobile,40,2025-10
s_000285,u_00285,Pro,2026-01-07,,1,179,111.66,19.99,False,yearly,2026-06-17,UK,partner,desktop,45,2026-01
s_000286,u_00286,Pro,2024-06-23,,1,742,482.95,19.99,True,monthly,2026-06-13,UK,mobile,desktop,35,2024-06
s_000287,u_00287,Pro,2024-01-31,,1,886,542.42,19.99,False,yearly,2026-06-30,FR,mobile,desktop,61,2024-01
s_000288,u_00288,Pro,2025-12-07,,1,210,135.54,19.99,True,monthly,2026-06-29,UK,mobile,desktop,30,2025-12
s_000289,u_00289,Basic,2024-10-23,2026-04-27,0,551,179.46,9.99,False,yearly,2026-04-14,UK,web,mobile,25,2024-10
s_000290,u_00290,Basic,2025-09-05,,1,303,92.32,9.99,True,monthly,2026-07-02,FR,web,desktop,45,2025-09
s_000291,u_00291,Pro,2024-08-16,,1,688,445.05,19.99,True,monthly,2026-07-01,ES,web,desktop,64,2024-08
s_000292,u_00292,Basic,2025-05-05,,1,426,141.87,9.99,False,monthly,2026-06-12,FR,mobile,mobile,37,2025-05
s_000293,u_00293,Premium,2026-01-02,,1,184,244.66,39.99,True,monthly,2026-06-28,NL,web,mobile,20,2026-01
s_000294,u_00294,Pro,2025-07-31,,1,339,205.75,19.99,True,monthly,2026-06-17,FR,web,desktop,68,2025-07
s_000295,u_00295,Basic,2025-01-30,,1,521,158.93,9.99,False,yearly,2026-07-01,ES,mobile,desktop,41,2025-01
s_000296,u_00296,Pro,2024-07-02,,1,733,465.96,19.99,True,monthly,2026-06-13,ES,web,desktop,26,2024-07
s_000297,u_00297,Pro,2025-12-18,,1,199,136.79,19.99,True,monthly,2026-06-19,NL,web,mobile,50,2025-12
s_000298,u_00298,Pro,2024-03-01,,1,856,588.44,19.99,True,monthly,2026-06-15,DE,referral,desktop,34,2024-03
s_000299,u_00299,Basic,2024-11-01,2026-05-18,0,563,177.44,9.99,False,monthly,2026-04-26,DE,referral,desktop,66,2024-11
s_000300,u_00300,Premium,2024-04-29,,1,797,1072.07,39.99,False,monthly,2026-06-27,IT,web,desktop,33,2024-04
s_000301,u_00301,Basic,2024-03-16,,1,841,276.63,9.99,True,monthly,2026-06-25,DE,web,mobile,46,2024-03
s_000302,u_00302,Pro,2025-12-17,,1,200,140.3,19.99,True,monthly,2026-07-05,FR,web,desktop,46,2025-12
s_000303,u_00303,Basic,2026-01-23,,1,163,49.93,9.99,True,yearly,2026-07-02,UK,mobile,mobile,30,2026-01
s_000304,u_00304,Pro,2024-07-21,,1,714,467.94,19.99,True,monthly,2026-06-17,UK,referral,desktop,43,2024-07
s_000305,u_00305,Pro,2025-11-24,,1,223,147.6,19.99,False,monthly,2026-06-28,ES,web,mobile,23,2025-11
s_000306,u_00306,Pro,2025-12-15,,1,202,127.98,19.99,True,monthly,2026-07-04,UK,mobile,desktop,51,2025-12
s_000307,u_00307,Basic,2025-04-07,,1,454,137.43,9.99,True,monthly,2026-06-29,UK,web,desktop,57,2025-04
s_000308,u_00308,Pro,2024-04-04,,1,822,497.84,19.99,True,monthly,2026-06-28,IT,web,desktop,67,2024-04
s_000309,u_00309,Pro,2024-07-20,,1,715,461.85,19.99,True,yearly,2026-06-19,FR,partner,mobile,34,2024-07
s_000310,u_00310,Basic,2025-02-28,2026-04-10,0,406,135.72,9.99,False,monthly,2026-04-10,FR,web,mobile,32,2025-02
s_000311,u_00311,Premium,2025-11-08,,1,239,321.53,39.99,True,monthly,2026-06-18,UK,web,desktop,46,2025-11
s_000312,u_00312,Pro,2025-07-22,,1,348,215.61,19.99,True,monthly,2026-07-03,UK,web,desktop,54,2025-07
s_000313,u_00313,Premium,2024-10-05,2026-05-09,0,581,796.7,39.99,False,monthly,2026-04-22,FR,mobile,mobile,69,2024-10
s_000314,u_00314,Premium,2025-12-19,,1,198,253.75,39.99,False,yearly,2026-06-24,UK,referral,desktop,19,2025-12
s_000315,u_00315,Premium,2025-02-14,,1,506,706.01,39.99,True,monthly,2026-07-03,UK,partner,desktop,30,2025-02
s_000316,u_00316,Pro,2025-12-07,,1,210,129.03,19.99,False,monthly,2026-06-18,FR,web,desktop,31,2025-12
s_000317,u_00317,Pro,2025-07-30,,1,340,233.01,19.99,True,yearly,2026-07-05,UK,web,mobile,31,2025-07
s_000318,u_00318,Basic,2025-09-26,,1,282,97.66,9.99,False,monthly,2026-07-01,IT,mobile,mobile,42,2025-09
s_000319,u_00319,Basic,2024-10-19,2026-04-11,0,539,183.69,9.99,True,yearly,2026-03-30,FR,web,mobile,63,2024-10
s_000320,u_00320,Pro,2024-04-11,,1,815,555.32,19.99,True,monthly,2026-06-19,NL,referral,tablet,19,2024-04
s_000321,u_00321,Basic,2025-12-26,,1,191,61.01,9.99,True,yearly,2026-06-20,NL,mobile,desktop,60,2025-12
s_000322,u_00322,Premium,2024-07-17,,1,718,965.14,39.99,True,monthly,2026-07-03,UK,web,desktop,50,2024-07
s_000323,u_00323,Basic,2024-10-26,,1,617,203.1,9.99,True,monthly,2026-06-28,FR,referral,desktop,49,2024-10
s_000324,u_00324,Basic,2024-02-29,,1,857,275.33,9.99,True,monthly,2026-07-03,UK,web,desktop,53,2024-02
s_000325,u_00325,Basic,2024-04-15,,1,811,283.64,9.99,True,monthly,2026-06-28,ES,web,desktop,24,2024-04
s_000326,u_00326,Basic,2026-01-20,,1,166,52.47,9.99,True,monthly,2026-07-01,IT,mobile,desktop,56,2026-01
s_000327,u_00327,Basic,2024-09-01,,1,672,215.59,9.99,True,monthly,2026-06-18,DE,web,desktop,30,2024-09
s_000328,u_00328,Basic,2024-12-24,,1,558,192.74,9.99,True,monthly,2026-06-18,UK,mobile,mobile,44,2024-12
s_000329,u_00329,Pro,2026-01-12,,1,174,110.0,19.99,False,yearly,2026-06-16,IT,mobile,desktop,53,2026-01
s_000330,u_00330,Basic,2025-09-15,,1,293,90.35,9.99,False,yearly,2026-07-01,FR,partner,desktop,49,2025-09
s_000331,u_00331,Basic,2024-03-25,,1,832,262.55,9.99,True,monthly,2026-07-06,DE,partner,mobile,34,2024-03
s_000332,u_00332,Basic,2025-01-23,,1,528,178.61,9.99,True,yearly,2026-07-06,FR,web,mobile,38,2025-01
s_000333,u_00333,Basic,2025-07-20,2026-06-16,0,331,113.42,9.99,True,monthly,2026-05-25,IT,web,mobile,42,2025-07
s_000334,u_00334,Basic,2025-08-05,,1,334,102.31,9.99,True,monthly,2026-07-01,ES,mobile,mobile,20,2025-08
s_000335,u_00335,Pro,2024-06-11,,1,754,499.69,19.99,False,yearly,2026-06-15,FR,partner,mobile,55,2024-06
s_000336,u_00336,Pro,2025-08-31,,1,308,202.83,19.99,True,monthly,2026-06-23,UK,web,desktop,23,2025-08
s_000337,u_00337,Basic,2025-12-07,,1,210,70.29,9.99,True,monthly,2026-07-02,FR,web,desktop,41,2025-12
s_000338,u_00338,Pro,2025-01-12,,1,539,360.06,19.99,True,monthly,2026-06-29,DE,web,mobile,52,2025-01
s_000339,u_00339,Basic,2024-02-11,2026-04-25,0,804,279.49,9.99,True,monthly,2026-04-06,FR,web,desktop,22,2024-02
s_000340,u_00340,Basic,2025-11-11,2026-04-18,0,158,50.09,9.99,False,yearly,2026-04-14,NL,mobile,desktop,69,2025-11
s_000341,u_00341,Premium,2025-09-20,,1,288,364.04,39.99,True,monthly,2026-06-19,FR,web,desktop,37,2025-09
s_000342,u_00342,Basic,2025-04-12,,1,449,147.93,9.99,True,monthly,2026-06-29,NL,mobile,desktop,18,2025-04
s_000343,u_00343,Premium,2025-11-14,,1,233,300.82,39.99,True,monthly,2026-06-30,DE,referral,desktop,52,2025-11
s_000344,u_00344,Basic,2024-11-15,2026-06-13,0,575,185.93,9.99,False,monthly,2026-05-21,UK,referral,desktop,46,2024-11
s_000345,u_00345,Basic,2025-09-17,,1,291,88.52,9.99,True,monthly,2026-06-23,DE,web,mobile,51,2025-09
s_000346,u_00346,Basic,2026-01-03,,1,183,56.51,9.99,False,yearly,2026-06-16,DE,web,mobile,57,2026-01
s_000347,u_00347,Basic,2025-09-10,,1,298,103.58,9.99,False,monthly,2026-06-15,NL,mobile,desktop,42,2025-09
s_000348,u_00348,Premium,2024-04-01,2026-05-24,0,783,950.06,39.99,True,yearly,2026-05-04,FR,referral,mobile,60,2024-04
s_000349,u_00349,Basic,2024-03-21,,1,836,275.52,9.99,False,monthly,2026-07-06,UK,web,desktop,37,2024-03
s_000350,u_00350,Premium,2025-02-26,,1,494,668.54,39.99,True,yearly,2026-07-06,FR,referral,mobile,46,2025-02
s_000351,u_00351,Premium,2025-05-19,,1,412,496.46,39.99,True,monthly,2026-06-14,UK,web,tablet,26,2025-05
s_000352,u_00352,Pro,2024-06-27,,1,738,459.63,19.99,True,monthly,2026-07-03,FR,referral,desktop,50,2024-06
s_000353,u_00353,Basic,2025-11-17,,1,230,73.58,9.99,True,monthly,2026-06-18,UK,web,mobile,31,2025-11
s_000354,u_00354,Basic,2024-11-11,2026-05-09,0,544,176.81,9.99,True,monthly,2026-04-20,UK,web,tablet,54,2024-11
s_000355,u_00355,Basic,2024-10-23,,1,620,196.71,9.99,True,yearly,2026-06-20,UK,web,mobile,59,2024-10
s_000356,u_00356,Pro,2024-09-25,,1,648,431.3,19.99,True,monthly,2026-07-05,UK,web,tablet,62,2024-09
s_000357,u_00357,Basic,2025-10-28,,1,250,78.06,9.99,True,yearly,2026-06-28,DE,web,mobile,66,2025-10
s_000358,u_00358,Premium,2024-09-20,,1,653,787.94,39.99,True,monthly,2026-06-19,DE,web,desktop,24,2024-09
s_000359,u_00359,Pro,2024-12-17,,1,565,339.52,19.99,True,monthly,2026-06-13,UK,web,mobile,25,2024-12
s_000360,u_00360,Basic,2024-05-08,2026-06-13,0,766,242.79,9.99,True,monthly,2026-05-22,UK,mobile,mobile,66,2024-05
s_000361,u_00361,Pro,2025-12-02,,1,215,137.34,19.99,False,monthly,2026-06-13,NL,web,mobile,37,2025-12
s_000362,u_00362,Basic,2024-12-12,,1,570,198.18,9.99,False,monthly,2026-06-14,FR,mobile,desktop,19,2024-12
s_000363,u_00363,Premium,2024-06-06,2026-05-24,0,717,866.6,39.99,True,monthly,2026-05-16,FR,referral,mobile,32,2024-06
s_000364,u_00364,Basic,2025-09-07,,1,301,98.51,9.99,True,yearly,2026-06-24,FR,web,desktop,61,2025-09
s_000365,u_00365,Premium,2024-08-19,,1,685,902.25,39.99,True,monthly,2026-06-17,IT,web,mobile,36,2024-08
s_000366,u_00366,Pro,2026-01-19,,1,167,112.49,19.99,False,monthly,2026-06-26,UK,referral,desktop,21,2026-01
s_000367,u_00367,Premium,2024-09-06,,1,667,886.71,39.99,True,monthly,2026-06-16,DE,referral,mobile,55,2024-09
s_000368,u_00368,Basic,2024-12-04,,1,578,173.76,9.99,False,monthly,2026-06-19,IT,web,mobile,28,2024-12
s_000369,u_00369,Pro,2025-11-20,,1,227,151.13,19.99,True,monthly,2026-07-01,FR,referral,desktop,36,2025-11
s_000370,u_00370,Basic,2026-02-28,,1,127,40.42,9.99,True,monthly,2026-06-13,ES,web,desktop,18,2026-02
s_000371,u_00371,Pro,2024-08-14,,1,690,467.77,19.99,False,monthly,2026-06-15,DE,web,desktop,49,2024-08
s_000372,u_00372,Basic,2025-10-06,,1,272,84.39,9.99,True,monthly,2026-06-22,FR,mobile,tablet,41,2025-10
s_000373,u_00373,Basic,2025-03-14,,1,478,160.69,9.99,False,monthly,2026-07-02,UK,web,mobile,63,2025-03
s_000374,u_00374,Basic,2026-02-27,,1,128,42.69,9.99,True,monthly,2026-07-01,FR,mobile,desktop,35,2026-02
s_000375,u_00375,Basic,2024-02-29,,1,857,285.1,9.99,True,monthly,2026-06-16,FR,web,desktop,28,2024-02
s_000376,u_00376,Basic,2025-02-05,,1,515,159.18,9.99,True,monthly,2026-07-06,FR,mobile,desktop,26,2025-02
s_000377,u_00377,Pro,2024-03-24,,1,833,555.93,19.99,True,monthly,2026-06-24,NL,web,desktop,28,2024-03
s_000378,u_00378,Basic,2025-12-12,,1,205,69.32,9.99,True,monthly,2026-06-21,UK,web,tablet,41,2025-12
s_000379,u_00379,Pro,2025-11-03,,1,244,158.91,19.99,True,yearly,2026-07-01,UK,web,mobile,22,2025-11
s_000380,u_00380,Basic,2024-12-06,,1,576,182.74,9.99,True,monthly,2026-06-15,DE,web,desktop,38,2024-12
s_000381,u_00381,Pro,2024-12-21,,1,561,346.39,19.99,True,monthly,2026-06-23,UK,mobile,mobile,62,2024-12
s_000382,u_00382,Pro,2024-07-14,,1,721,453.91,19.99,True,monthly,2026-07-05,NL,web,desktop,57,2024-07
s_000383,u_00383,Basic,2024-04-01,,1,825,279.07,9.99,True,monthly,2026-06-28,DE,web,mobile,51,2024-04
s_000384,u_00384,Pro,2024-06-23,,1,742,475.98,19.99,True,monthly,2026-06-27,UK,web,desktop,64,2024-06
s_000385,u_00385,Premium,2025-12-28,,1,189,254.64,39.99,True,yearly,2026-07-01,UK,web,mobile,58,2025-12
s_000386,u_00386,Pro,2025-08-15,,1,324,218.94,19.99,False,yearly,2026-06-13,NL,referral,mobile,51,2025-08
s_000387,u_00387,Basic,2024-04-11,,1,815,272.03,9.99,True,monthly,2026-06-27,IT,web,desktop,62,2024-04
s_000388,u_00388,Basic,2025-01-29,,1,522,174.34,9.99,True,monthly,2026-06-24,NL,partner,mobile,24,2025-01
s_000389,u_00389,Pro,2024-05-17,2026-05-20,0,733,484.33,19.99,False,monthly,2026-05-15,FR,web,tablet,60,2024-05
s_000390,u_00390,Basic,2025-01-16,,1,535,174.52,9.99,True,monthly,2026-06-22,ES,mobile,desktop,33,2025-01
s_000391,u_00391,Pro,2025-11-27,,1,220,136.9,19.99,True,monthly,2026-06-28,IT,web,desktop,56,2025-11
s_000392,u_00392,Basic,2025-04-06,,1,455,155.86,9.99,True,monthly,2026-07-06,FR,web,mobile,65,2025-04
s_000393,u_00393,Pro,2024-06-23,,1,742,517.19,19.99,True,monthly,2026-06-26,UK,referral,desktop,43,2024-06
s_000394,u_00394,Basic,2024-11-08,,1,604,195.42,9.99,True,monthly,2026-06-22,IT,partner,desktop,22,2024-11
s_000395,u_00395,Basic,2026-01-06,,1,180,62.68,9.99,False,monthly,2026-07-04,FR,referral,desktop,37,2026-01
s_000396,u_00396,Premium,2025-10-26,,1,252,354.01,39.99,False,monthly,2026-06-17,UK,web,mobile,39,2025-10
s_000397,u_00397,Premium,2024-05-16,,1,780,1012.89,39.99,True,monthly,2026-06-20,ES,web,desktop,66,2024-05
s_000398,u_00398,Premium,2024-02-10,,1,876,1179.16,39.99,True,monthly,2026-06-29,FR,mobile,desktop,67,2024-02
s_000399,u_00399,Premium,2024-08-21,,1,683,908.64,39.99,False,monthly,2026-06-22,UK,web,mobile,47,2024-08
s_000400,u_00400,Basic,2026-02-03,,1,152,47.67,9.99,True,monthly,2026-06-29,UK,mobile,desktop,67,2026-02
s_000401,u_00401,Basic,2024-12-02,,1,580,175.49,9.99,True,monthly,2026-06-20,FR,mobile,mobile,40,2024-12
s_000402,u_00402,Basic,2024-06-20,,1,745,240.47,9.99,True,monthly,2026-07-03,NL,mobile,desktop,39,2024-06
s_000403,u_00403,Basic,2024-11-06,,1,606,205.79,9.99,True,monthly,2026-06-21,DE,referral,tablet,61,2024-11
s_000404,u_00404,Basic,2024-12-24,2026-04-06,0,468,147.86,9.99,True,monthly,2026-04-06,FR,mobile,mobile,52,2024-12
s_000405,u_00405,Premium,2025-04-07,,1,454,617.23,39.99,True,monthly,2026-06-30,NL,web,desktop,45,2025-04
s_000406,u_00406,Basic,2025-10-01,,1,277,92.41,9.99,True,monthly,2026-07-02,ES,web,mobile,41,2025-10
s_000407,u_00407,Basic,2025-09-06,,1,302,101.34,9.99,True,yearly,2026-06-24,FR,mobile,desktop,54,2025-09
s_000408,u_00408,Basic,2024-08-21,,1,683,214.76,9.99,False,monthly,2026-07-02,ES,web,desktop,57,2024-08
s_000409,u_00409,Basic,2026-02-20,,1,135,43.95,9.99,True,yearly,2026-06-30,FR,web,desktop,43,2026-02
s_000410,u_00410,Basic,2026-02-10,,1,145,45.08,9.99,True,monthly,2026-07-04,NL,web,mobile,19,2026-02
s_000411,u_00411,Pro,2025-06-05,2026-06-20,0,380,237.25,19.99,True,monthly,2026-06-02,IT,mobile,desktop,23,2025-06
s_000412,u_00412,Basic,2024-07-23,,1,712,216.89,9.99,True,monthly,2026-07-01,IT,referral,desktop,25,2024-07
s_000413,u_00413,Pro,2024-10-28,,1,615,377.22,19.99,False,monthly,2026-07-03,FR,mobile,desktop,42,2024-10
s_000414,u_00414,Premium,2024-12-24,,1,558,694.16,39.99,False,monthly,2026-06-15,ES,web,desktop,49,2024-12
s_000415,u_00415,Pro,2025-02-03,,1,517,340.69,19.99,True,monthly,2026-06-20,FR,web,desktop,59,2025-02
s_000416,u_00416,Pro,2026-01-14,,1,172,111.38,19.99,True,monthly,2026-06-14,FR,web,desktop,30,2026-01
s_000417,u_00417,Basic,2025-07-20,,1,350,109.87,9.99,True,monthly,2026-07-02,FR,web,desktop,58,2025-07
s_000418,u_00418,Basic,2026-02-08,,1,147,50.72,9.99,True,monthly,2026-06-28,DE,mobile,desktop,52,2026-02
s_000419,u_00419,Basic,2024-08-09,,1,695,226.85,9.99,True,monthly,2026-07-04,FR,mobile,mobile,20,2024-08
s_000420,u_00420,Premium,2024-08-17,2026-05-10,0,631,873.48,39.99,True,monthly,2026-05-06,NL,web,desktop,36,2024-08
s_000421,u_00421,Pro,2025-09-23,,1,285,189.67,19.99,True,monthly,2026-07-06,IT,web,mobile,33,2025-09
s_000422,u_00422,Basic,2025-08-19,,1,320,96.46,9.99,True,monthly,2026-06-24,FR,web,desktop,64,2025-08
s_000423,u_00423,Basic,2025-08-09,,1,330,114.3,9.99,True,monthly,2026-06-12,FR,referral,desktop,65,2025-08
s_000424,u_00424,Pro,2024-04-26,,1,800,549.01,19.99,True,monthly,2026-06-20,FR,mobile,desktop,60,2024-04
s_000425,u_00425,Pro,2025-03-22,,1,470,312.37,19.99,True,monthly,2026-06-18,UK,web,desktop,45,2025-03
s_000426,u_00426,Pro,2024-07-31,,1,704,460.47,19.99,True,monthly,2026-06-16,DE,referral,desktop,43,2024-07
s_000427,u_00427,Premium,2025-04-12,,1,449,580.62,39.99,True,monthly,2026-06-12,FR,web,mobile,34,2025-04
s_000428,u_00428,Pro,2024-09-28,2026-04-13,0,562,364.12,19.99,True,monthly,2026-04-07,ES,web,desktop,58,2024-09
s_000429,u_00429,Pro,2025-02-11,,1,509,345.06,19.99,True,monthly,2026-06-21,FR,referral,desktop,22,2025-02
s_000430,u_00430,Basic,2025-09-03,,1,305,99.55,9.99,True,monthly,2026-06-16,DE,web,mobile,32,2025-09
s_000431,u_00431,Basic,2024-05-01,,1,795,245.56,9.99,False,monthly,2026-06-17,NL,web,desktop,25,2024-05
s_000432,u_00432,Premium,2024-09-19,,1,654,793.42,39.99,False,yearly,2026-06-18,DE,mobile,desktop,43,2024-09
s_000433,u_00433,Pro,2024-08-05,,1,699,428.62,19.99,True,yearly,2026-06-29,IT,web,desktop,33,2024-08
s_000434,u_00434,Basic,2024-03-15,,1,842,263.23,9.99,True,monthly,2026-06-27,ES,mobile,desktop,28,2024-03
s_000435,u_00435,Pro,2025-09-22,,1,286,182.66,19.99,False,monthly,2026-07-05,FR,web,desktop,37,2025-09
s_000436,u_00436,Basic,2026-01-29,,1,157,54.4,9.99,True,monthly,2026-06-29,FR,web,mobile,62,2026-01
s_000437,u_00437,Pro,2025-01-01,,1,550,343.6,19.99,True,yearly,2026-07-03,FR,web,tablet,47,2025-01
s_000438,u_00438,Basic,2025-07-27,,1,343,108.59,9.99,True,monthly,2026-06-13,UK,web,desktop,60,2025-07
s_000439,u_00439,Pro,2025-05-05,,1,426,265.59,19.99,True,monthly,2026-07-04,DE,web,mobile,65,2025-05
s_000440,u_00440,Basic,2025-10-06,,1,272,89.26,9.99,True,monthly,2026-06-27,IT,web,mobile,64,2025-10
s_000441,u_00441,Basic,2025-06-02,,1,398,131.88,9.99,True,monthly,2026-06-14,ES,referral,desktop,36,2025-06
s_000442,u_00442,Basic,2025-06-10,,1,390,127.58,9.99,True,monthly,2026-06-13,FR,web,mobile,63,2025-06
s_000443,u_00443,Pro,2025-07-03,,1,367,255.7,19.99,True,yearly,2026-06-27,DE,web,mobile,65,2025-07
s_000444,u_00444,Basic,2024-08-30,,1,674,235.86,9.99,True,yearly,2026-06-25,FR,web,mobile,67,2024-08
s_000445,u_00445,Basic,2024-12-19,2026-05-19,0,516,176.23,9.99,True,monthly,2026-04-29,FR,web,tablet,36,2024-12
s_000446,u_00446,Pro,2025-03-25,,1,467,318.33,19.99,True,monthly,2026-06-17,IT,web,desktop,29,2025-03
s_000447,u_00447,Basic,2026-01-19,,1,167,53.42,9.99,True,monthly,2026-06-23,NL,mobile,desktop,48,2026-01
s_000448,u_00448,Basic,2025-01-12,,1,539,177.48,9.99,True,monthly,2026-06-27,UK,web,desktop,66,2025-01
s_000449,u_00449,Basic,2025-11-27,,1,220,70.11,9.99,True,monthly,2026-06-27,FR,referral,desktop,64,2025-11
s_000450,u_00450,Premium,2025-07-31,,1,339,461.22,39.99,False,monthly,2026-06-20,UK,referral,desktop,47,2025-07
s_000451,u_00451,Basic,2025-05-07,,1,424,131.02,9.99,True,yearly,2026-06-16,FR,web,tablet,25,2025-05
s_000452,u_00452,Basic,2026-01-01,,1,185,57.76,9.99,True,yearly,2026-07-05,ES,web,desktop,39,2026-01
s_000453,u_00453,Basic,2025-06-13,,1,387,117.03,9.99,True,monthly,2026-06-17,IT,web,desktop,55,2025-06
s_000454,u_00454,Basic,2025-09-20,,1,288,95.4,9.99,False,monthly,2026-06-24,FR,mobile,mobile,47,2025-09
s_000455,u_00455,Basic,2024-05-29,,1,767,256.58,9.99,False,monthly,2026-07-03,FR,web,desktop,35,2024-05
s_000456,u_00456,Basic,2024-05-28,,1,768,230.6,9.99,False,monthly,2026-07-04,FR,referral,desktop,35,2024-05
s_000457,u_00457,Basic,2026-01-25,,1,161,52.68,9.99,True,monthly,2026-06-28,NL,mobile,tablet,21,2026-01
s_000458,u_00458,Basic,2024-12-09,,1,573,182.83,9.99,True,monthly,2026-06-30,UK,referral,desktop,33,2024-12
s_000459,u_00459,Premium,2024-11-10,,1,602,818.96,39.99,True,monthly,2026-07-04,DE,web,desktop,52,2024-11
s_000460,u_00460,Basic,2025-06-12,,1,388,117.34,9.99,True,yearly,2026-06-29,IT,partner,desktop,30,2025-06
s_000461,u_00461,Basic,2025-04-11,,1,450,136.26,9.99,True,monthly,2026-06-16,UK,web,tablet,69,2025-04
s_000462,u_00462,Premium,2024-07-13,,1,722,957.04,39.99,True,monthly,2026-06-19,FR,web,desktop,22,2024-07
s_000463,u_00463,Premium,2025-06-17,,1,383,506.11,39.99,True,monthly,2026-07-01,NL,web,desktop,48,2025-06
s_000464,u_00464,Pro,2026-02-19,,1,136,93.54,19.99,False,yearly,2026-06-20,FR,partner,desktop,43,2026-02
s_000465,u_00465,Basic,2025-06-22,,1,378,124.8,9.99,True,monthly,2026-06-25,UK,mobile,desktop,61,2025-06
s_000466,u_00466,Basic,2025-09-25,,1,283,98.58,9.99,True,monthly,2026-06-18,IT,referral,tablet,64,2025-09
s_000467,u_00467,Basic,2025-06-04,2026-04-24,0,324,102.19,9.99,True,monthly,2026-04-23,IT,web,desktop,46,2025-06
s_000468,u_00468,Basic,2025-10-12,,1,266,85.33,9.99,False,monthly,2026-06-29,NL,partner,tablet,50,2025-10
s_000469,u_00469,Basic,2025-12-09,,1,208,72.84,9.99,False,yearly,2026-06-12,FR,web,desktop,54,2025-12
s_000470,u_00470,Pro,2024-02-16,,1,870,531.7,19.99,True,monthly,2026-06-23,UK,web,desktop,45,2024-02
s_000471,u_00471,Basic,2026-01-07,,1,179,61.1,9.99,False,yearly,2026-07-05,UK,partner,mobile,27,2026-01
s_000472,u_00472,Pro,2024-10-01,,1,642,386.35,19.99,False,monthly,2026-06-12,UK,web,desktop,40,2024-10
s_000473,u_00473,Basic,2024-09-20,,1,653,211.9,9.99,False,monthly,2026-06-16,FR,web,desktop,30,2024-09
s_000474,u_00474,Basic,2024-11-27,,1,585,180.11,9.99,False,monthly,2026-06-23,FR,mobile,mobile,42,2024-11
s_000475,u_00475,Pro,2024-04-13,,1,813,536.88,19.99,True,monthly,2026-06-18,FR,web,desktop,49,2024-04
s_000476,u_00476,Premium,2025-11-06,,1,241,328.95,39.99,False,monthly,2026-07-02,FR,web,desktop,28,2025-11
s_000477,u_00477,Basic,2025-08-21,,1,318,96.13,9.99,True,monthly,2026-06-22,UK,web,tablet,30,2025-08
s_000478,u_00478,Pro,2025-11-22,,1,225,139.23,19.99,False,monthly,2026-06-14,UK,web,desktop,60,2025-11
s_000479,u_00479,Basic,2025-01-14,,1,537,170.45,9.99,True,yearly,2026-06-26,IT,referral,desktop,37,2025-01
s_000480,u_00480,Basic,2024-11-25,,1,587,183.74,9.99,False,yearly,2026-07-06,UK,mobile,desktop,28,2024-11
s_000481,u_00481,Pro,2024-04-27,,1,799,510.4,19.99,False,monthly,2026-06-18,UK,web,desktop,55,2024-04
s_000482,u_00482,Basic,2025-06-06,,1,394,137.16,9.99,True,monthly,2026-06-18,FR,web,desktop,55,2025-06
s_000483,u_00483,Basic,2025-09-28,,1,280,85.64,9.99,False,monthly,2026-06-18,UK,web,mobile,60,2025-09
s_000484,u_00484,Basic,2024-04-08,,1,818,262.77,9.99,True,monthly,2026-06-20,FR,mobile,desktop,57,2024-04
s_000485,u_00485,Basic,2024-10-14,2026-04-14,0,547,176.42,9.99,True,yearly,2026-04-12,FR,referral,mobile,69,2024-10
s_000486,u_00486,Basic,2024-08-04,,1,700,219.91,9.99,True,monthly,2026-06-17,UK,referral,desktop,47,2024-08
s_000487,u_00487,Basic,2025-04-12,2026-06-17,0,431,135.17,9.99,False,monthly,2026-06-16,UK,web,desktop,32,2025-04
s_000488,u_00488,Premium,2025-04-22,,1,439,590.75,39.99,True,monthly,2026-06-22,FR,web,desktop,62,2025-04
s_000489,u_00489,Pro,2025-06-12,,1,388,257.31,19.99,True,monthly,2026-06-24,UK,web,mobile,31,2025-06
s_000490,u_00490,Basic,2024-08-24,,1,680,231.74,9.99,True,monthly,2026-06-28,UK,mobile,desktop,33,2024-08
s_000491,u_00491,Basic,2025-10-30,,1,248,79.66,9.99,True,monthly,2026-06-20,IT,web,desktop,61,2025-10
s_000492,u_00492,Pro,2024-02-20,,1,866,572.52,19.99,True,yearly,2026-06-14,IT,mobile,mobile,63,2024-02
s_000493,u_00493,Basic,2025-11-26,,1,221,76.44,9.99,False,yearly,2026-06-16,IT,mobile,mobile,35,2025-11
s_000494,u_00494,Basic,2025-04-07,,1,454,155.71,9.99,True,monthly,2026-07-03,FR,web,desktop,55,2025-04
s_000495,u_00495,Pro,2025-08-07,,1,332,230.32,19.99,False,monthly,2026-06-25,DE,web,mobile,65,2025-08
s_000496,u_00496,Basic,2024-11-21,,1,591,185.38,9.99,True,monthly,2026-06-13,UK,web,desktop,59,2024-11
s_000497,u_00497,Basic,2024-10-08,,1,635,221.91,9.99,False,monthly,2026-07-01,UK,web,desktop,18,2024-10
s_000498,u_00498,Basic,2024-04-02,,1,824,280.89,9.99,True,monthly,2026-06-15,IT,web,desktop,52,2024-04
s_000499,u_00499,Basic,2024-07-19,2026-05-16,0,666,226.04,9.99,True,yearly,2026-05-03,UK,mobile,desktop,26,2024-07
s_000500,u_00500,Basic,2025-09-29,2026-04-24,0,207,68.94,9.99,True,monthly,2026-04-02,UK,web,desktop,62,2025-09
s_000501,u_00501,Premium,2025-10-22,,1,256,358.85,39.99,True,monthly,2026-06-23,DE,web,mobile,21,2025-10
s_000502,u_00502,Basic,2024-04-24,,1,802,258.37,9.99,True,monthly,2026-06-22,ES,mobile,desktop,69,2024-04
s_000503,u_00503,Pro,2025-03-20,,1,472,318.72,19.99,False,monthly,2026-06-25,NL,mobile,mobile,27,2025-03
s_000504,u_00504,Pro,2026-01-31,,1,155,104.45,19.99,True,monthly,2026-07-04,UK,web,tablet,39,2026-01
s_000505,u_00505,Basic,2024-06-22,,1,743,250.18,9.99,True,monthly,2026-06-17,UK,referral,mobile,30,2024-06
s_000506,u_00506,Basic,2024-11-17,,1,595,200.99,9.99,True,monthly,2026-06-28,DE,referral,mobile,60,2024-11
s_000507,u_00507,Basic,2025-12-10,,1,207,64.32,9.99,False,monthly,2026-06-30,FR,mobile,mobile,38,2025-12
s_000508,u_00508,Pro,2024-07-18,,1,717,455.63,19.99,True,monthly,2026-06-17,ES,mobile,tablet,56,2024-07
s_000509,u_00509,Basic,2024-12-09,,1,573,183.27,9.99,True,monthly,2026-07-02,UK,web,desktop,21,2024-12
s_000510,u_00510,Pro,2024-12-12,,1,570,385.12,19.99,True,monthly,2026-06-19,FR,partner,desktop,41,2024-12
s_000511,u_00511,Premium,2024-05-16,,1,780,1048.82,39.99,True,monthly,2026-06-25,FR,web,desktop,65,2024-05
s_000512,u_00512,Pro,2025-03-16,,1,476,325.79,19.99,True,monthly,2026-06-17,ES,referral,desktop,66,2025-03
s_000513,u_00513,Premium,2025-04-01,,1,460,625.74,39.99,True,yearly,2026-07-05,FR,mobile,desktop,28,2025-04
s_000514,u_00514,Pro,2024-11-25,,1,587,387.65,19.99,True,monthly,2026-06-17,FR,web,mobile,38,2024-11
s_000515,u_00515,Premium,2025-11-02,,1,245,302.01,39.99,True,monthly,2026-07-01,FR,web,desktop,39,2025-11
s_000516,u_00516,Pro,2025-12-09,,1,208,138.61,19.99,True,monthly,2026-06-15,FR,mobile,mobile,47,2025-12
s_000517,u_00517,Pro,2024-06-05,,1,760,523.84,19.99,True,monthly,2026-06-28,FR,mobile,desktop,45,2024-06
s_000518,u_00518,Pro,2025-10-27,,1,251,167.32,19.99,False,monthly,2026-07-06,DE,web,desktop,23,2025-10
s_000519,u_00519,Premium,2025-03-06,,1,486,671.47,39.99,True,monthly,2026-06-24,FR,mobile,desktop,57,2025-03
s_000520,u_00520,Basic,2025-09-06,,1,302,105.93,9.99,True,monthly,2026-07-05,ES,referral,desktop,29,2025-09
s_000521,u_00521,Pro,2025-10-14,,1,264,168.43,19.99,True,monthly,2026-06-30,ES,web,desktop,34,2025-10
s_000522,u_00522,Basic,2024-12-11,,1,571,192.09,9.99,True,monthly,2026-06-19,UK,web,desktop,61,2024-12
s_000523,u_00523,Premium,2024-07-06,,1,729,954.6,39.99,False,monthly,2026-06-22,FR,web,desktop,53,2024-07
s_000524,u_00524,Basic,2025-04-18,2026-06-04,0,412,132.84,9.99,True,yearly,2026-05-14,UK,mobile,desktop,38,2025-04
s_000525,u_00525,Pro,2025-12-17,,1,200,125.36,19.99,True,monthly,2026-06-25,FR,web,desktop,65,2025-12
s_000526,u_00526,Pro,2025-09-24,,1,284,177.92,19.99,True,monthly,2026-06-23,UK,referral,desktop,38,2025-09
s_000527,u_00527,Premium,2025-11-27,,1,220,273.31,39.99,True,monthly,2026-07-05,NL,web,desktop,47,2025-11
s_000528,u_00528,Basic,2024-05-01,,1,795,263.67,9.99,False,monthly,2026-06-29,NL,mobile,desktop,30,2024-05
s_000529,u_00529,Pro,2025-08-02,,1,337,207.5,19.99,True,monthly,2026-06-18,DE,web,desktop,27,2025-08
s_000530,u_00530,Pro,2025-06-21,,1,379,244.27,19.99,True,monthly,2026-07-05,FR,web,desktop,43,2025-06
s_000531,u_00531,Premium,2026-02-17,,1,138,181.3,39.99,False,monthly,2026-06-28,IT,mobile,desktop,47,2026-02
s_000532,u_00532,Premium,2025-04-14,,1,447,576.72,39.99,False,monthly,2026-07-03,IT,web,mobile,59,2025-04
s_000533,u_00533,Pro,2024-03-28,,1,829,568.67,19.99,True,monthly,2026-06-15,UK,web,tablet,38,2024-03
s_000534,u_00534,Pro,2025-05-25,,1,406,262.11,19.99,True,monthly,2026-06-22,IT,partner,mobile,64,2025-05
s_000535,u_00535,Basic,2024-11-15,,1,597,181.69,9.99,True,monthly,2026-06-20,FR,partner,desktop,49,2024-11
s_000536,u_00536,Premium,2025-11-16,2026-06-02,0,198,276.82,39.99,False,monthly,2026-05-28,FR,referral,desktop,21,2025-11
s_000537,u_00537,Basic,2025-12-17,,1,200,68.72,9.99,True,monthly,2026-07-05,UK,web,desktop,56,2025-12
s_000538,u_00538,Pro,2024-08-29,,1,675,449.99,19.99,True,yearly,2026-06-27,FR,mobile,mobile,47,2024-08
s_000539,u_00539,Pro,2026-02-17,,1,138,93.87,19.99,False,monthly,2026-07-02,FR,referral,mobile,38,2026-02
s_000540,u_00540,Basic,2025-04-13,,1,448,137.44,9.99,True,monthly,2026-06-28,ES,web,mobile,42,2025-04
s_000541,u_00541,Basic,2025-08-03,,1,336,113.89,9.99,True,monthly,2026-06-29,NL,web,mobile,33,2025-08
s_000542,u_00542,Basic,2025-11-28,,1,219,68.22,9.99,True,monthly,2026-06-17,UK,referral,desktop,49,2025-11
s_000543,u_00543,Premium,2025-02-20,,1,500,650.03,39.99,False,yearly,2026-06-29,ES,web,mobile,47,2025-02
s_000544,u_00544,Basic,2024-02-24,,1,862,266.31,9.99,True,monthly,2026-07-03,NL,mobile,mobile,41,2024-02
s_000545,u_00545,Basic,2026-02-19,2026-06-27,0,128,43.18,9.99,True,monthly,2026-06-26,FR,partner,desktop,32,2026-02
s_000546,u_00546,Pro,2024-06-23,,1,742,463.84,19.99,True,monthly,2026-07-01,UK,mobile,mobile,38,2024-06
s_000547,u_00547,Basic,2025-01-26,2026-05-03,0,462,144.3,9.99,False,yearly,2026-05-02,UK,web,desktop,43,2025-01
s_000548,u_00548,Premium,2024-09-05,,1,668,817.21,39.99,False,monthly,2026-06-14,FR,web,tablet,42,2024-09
s_000549,u_00549,Basic,2026-01-24,,1,162,54.72,9.99,True,monthly,2026-06-28,DE,web,mobile,34,2026-01
s_000550,u_00550,Basic,2024-05-13,2026-06-11,0,759,238.69,9.99,True,monthly,2026-06-08,UK,web,desktop,48,2024-05
s_000551,u_00551,Basic,2025-11-26,,1,221,72.28,9.99,False,monthly,2026-06-23,UK,mobile,mobile,29,2025-11
s_000552,u_00552,Basic,2024-04-19,2026-04-13,0,724,229.0,9.99,False,monthly,2026-04-08,FR,referral,desktop,44,2024-04
s_000553,u_00553,Basic,2024-11-10,,1,602,204.05,9.99,True,monthly,2026-06-26,FR,web,mobile,24,2024-11
s_000554,u_00554,Pro,2025-07-09,2026-06-18,0,344,214.08,19.99,True,monthly,2026-06-11,ES,web,mobile,42,2025-07
s_000555,u_00555,Basic,2025-11-06,2026-06-08,0,214,74.19,9.99,False,monthly,2026-06-06,FR,referral,mobile,58,2025-11
s_000556,u_00556,Basic,2024-12-15,,1,567,179.35,9.99,False,monthly,2026-06-30,FR,web,mobile,60,2024-12
s_000557,u_00557,Basic,2026-02-07,,1,148,45.43,9.99,True,monthly,2026-06-21,FR,web,desktop,54,2026-02
s_000558,u_00558,Basic,2024-12-06,,1,576,179.85,9.99,True,monthly,2026-06-25,UK,web,desktop,56,2024-12
s_000559,u_00559,Premium,2024-07-30,,1,705,857.43,39.99,True,monthly,2026-06-24,UK,mobile,desktop,21,2024-07
s_000560,u_00560,Basic,2025-09-13,,1,295,95.64,9.99,False,monthly,2026-06-20,UK,web,desktop,35,2025-09
s_000561,u_00561,Premium,2025-10-12,,1,266,333.68,39.99,True,yearly,2026-07-05,FR,mobile,desktop,52,2025-10
s_000562,u_00562,Basic,2025-10-20,,1,258,89.09,9.99,True,monthly,2026-06-19,FR,web,desktop,59,2025-10
s_000563,u_00563,Basic,2025-10-07,2026-06-18,0,254,82.68,9.99,True,monthly,2026-05-30,ES,mobile,desktop,48,2025-10
s_000564,u_00564,Basic,2026-01-18,,1,168,52.62,9.99,False,yearly,2026-06-29,IT,web,desktop,62,2026-01
s_000565,u_00565,Basic,2025-10-02,,1,276,89.26,9.99,False,monthly,2026-06-28,IT,web,mobile,32,2025-10
s_000566,u_00566,Pro,2024-10-25,,1,618,383.34,19.99,False,monthly,2026-06-12,IT,web,desktop,25,2024-10
s_000567,u_00567,Basic,2025-08-07,,1,332,102.77,9.99,True,monthly,2026-06-17,DE,web,mobile,22,2025-08
s_000568,u_00568,Basic,2024-07-16,,1,719,226.6,9.99,False,monthly,2026-06-13,FR,web,desktop,48,2024-07
s_000569,u_00569,Pro,2024-06-29,,1,736,449.96,19.99,False,monthly,2026-06-14,UK,web,desktop,52,2024-06
s_000570,u_00570,Pro,2024-08-07,,1,697,431.75,19.99,True,monthly,2026-06-26,UK,web,desktop,32,2024-08
s_000571,u_00571,Premium,2025-02-04,,1,516,717.21,39.99,True,monthly,2026-07-03,FR,web,desktop,58,2025-02
s_000572,u_00572,Premium,2025-08-13,,1,326,435.9,39.99,False,yearly,2026-07-01,ES,partner,desktop,56,2025-08
s_000573,u_00573,Pro,2024-03-16,,1,841,582.47,19.99,True,monthly,2026-06-29,UK,web,desktop,36,2024-03
s_000574,u_00574,Pro,2025-10-27,,1,251,157.59,19.99,True,monthly,2026-06-16,DE,referral,desktop,30,2025-10
s_000575,u_00575,Pro,2025-04-12,,1,449,308.41,19.99,True,yearly,2026-06-30,ES,partner,desktop,56,2025-04
s_000576,u_00576,Basic,2025-04-15,,1,446,142.05,9.99,True,monthly,2026-06-27,UK,web,mobile,52,2025-04
s_000577,u_00577,Pro,2024-08-12,,1,692,425.58,19.99,True,yearly,2026-06-15,ES,mobile,desktop,26,2024-08
s_000578,u_00578,Basic,2025-02-03,,1,517,176.07,9.99,False,monthly,2026-07-02,UK,referral,mobile,31,2025-02
s_000579,u_00579,Pro,2024-07-01,,1,734,445.16,19.99,True,monthly,2026-06-20,ES,mobile,desktop,43,2024-07
s_000580,u_00580,Premium,2024-04-08,,1,818,1048.85,39.99,False,monthly,2026-06-23,FR,web,tablet,44,2024-04
s_000581,u_00581,Basic,2025-06-10,,1,390,133.18,9.99,True,monthly,2026-06-12,UK,web,mobile,26,2025-06
s_000582,u_00582,Pro,2024-05-15,,1,781,517.21,19.99,True,monthly,2026-06-24,UK,web,tablet,67,2024-05
s_000583,u_00583,Premium,2025-11-30,,1,217,284.12,39.99,False,yearly,2026-06-23,FR,web,mobile,38,2025-11
s_000584,u_00584,Basic,2024-03-31,,1,826,262.46,9.99,True,yearly,2026-06-15,UK,partner,desktop,37,2024-03
s_000585,u_00585,Basic,2025-12-01,2026-06-30,0,211,64.03,9.99,True,monthly,2026-06-12,NL,partner,desktop,21,2025-12
s_000586,u_00586,Premium,2024-05-30,,1,766,1072.15,39.99,False,monthly,2026-06-19,IT,web,desktop,63,2024-05
s_000587,u_00587,Premium,2025-06-07,,1,393,486.45,39.99,True,monthly,2026-06-15,FR,mobile,mobile,30,2025-06
s_000588,u_00588,Basic,2024-02-18,,1,868,271.52,9.99,True,yearly,2026-06-12,FR,web,mobile,69,2024-02
s_000589,u_00589,Basic,2026-01-05,,1,181,56.69,9.99,True,monthly,2026-06-18,FR,referral,desktop,43,2026-01
s_000590,u_00590,Pro,2025-04-06,,1,455,314.84,19.99,False,yearly,2026-06-29,FR,web,mobile,63,2025-04
s_000591,u_00591,Basic,2024-04-12,,1,814,275.34,9.99,True,monthly,2026-06-20,NL,referral,desktop,27,2024-04
s_000592,u_00592,Basic,2026-01-19,,1,167,54.19,9.99,True,monthly,2026-07-01,UK,referral,mobile,26,2026-01
s_000593,u_00593,Basic,2025-09-19,,1,289,100.75,9.99,False,monthly,2026-06-24,FR,web,mobile,59,2025-09
s_000594,u_00594,Basic,2026-02-18,,1,137,41.72,9.99,True,monthly,2026-06-25,UK,web,desktop,60,2026-02
s_000595,u_00595,Pro,2025-08-01,,1,338,233.58,19.99,True,monthly,2026-06-12,FR,referral,mobile,46,2025-08
s_000596,u_00596,Pro,2025-05-28,,1,403,244.72,19.99,True,yearly,2026-06-23,FR,web,mobile,19,2025-05
s_000597,u_00597,Pro,2024-12-03,,1,579,370.5,19.99,True,monthly,2026-06-13,IT,web,desktop,67,2024-12
s_000598,u_00598,Pro,2025-09-21,,1,287,174.27,19.99,True,monthly,2026-06-16,IT,referral,desktop,38,2025-09
s_000599,u_00599,Basic,2025-12-11,,1,206,72.37,9.99,True,monthly,2026-06-15,NL,mobile,desktop,66,2025-12
s_000600,u_00600,Basic,2025-11-26,,1,221,76.67,9.99,True,monthly,2026-07-02,IT,web,mobile,63,2025-11
s_000601,u_00601,Basic,2024-03-20,,1,837,275.63,9.99,True,monthly,2026-06-17,UK,web,desktop,62,2024-03
s_000602,u_00602,Basic,2024-03-01,2026-04-24,0,784,243.5,9.99,True,yearly,2026-04-10,DE,web,tablet,53,2024-03
s_000603,u_00603,Basic,2025-10-21,,1,257,80.89,9.99,True,yearly,2026-06-24,ES,partner,mobile,53,2025-10
s_000604,u_00604,Basic,2025-11-11,,1,236,76.35,9.99,True,monthly,2026-06-30,DE,web,desktop,45,2025-11
s_000605,u_00605,Basic,2025-11-21,,1,226,71.69,9.99,True,monthly,2026-06-12,NL,web,desktop,19,2025-11
s_000606,u_00606,Basic,2024-03-08,,1,849,255.65,9.99,False,monthly,2026-06-15,DE,web,mobile,38,2024-03
s_000607,u_00607,Pro,2024-09-28,,1,645,429.78,19.99,True,yearly,2026-06-22,ES,partner,mobile,55,2024-09
s_000608,u_00608,Pro,2024-08-14,,1,690,456.76,19.99,True,monthly,2026-07-06,FR,web,desktop,60,2024-08
s_000609,u_00609,Premium,2025-09-01,,1,307,425.2,39.99,True,monthly,2026-07-02,DE,referral,desktop,47,2025-09
s_000610,u_00610,Pro,2024-11-08,,1,604,391.65,19.99,False,yearly,2026-07-01,UK,mobile,desktop,54,2024-11
s_000611,u_00611,Pro,2026-02-23,,1,132,84.34,19.99,True,yearly,2026-06-12,UK,referral,tablet,19,2026-02
s_000612,u_00612,Basic,2024-10-17,,1,626,203.93,9.99,False,monthly,2026-06-26,IT,partner,desktop,42,2024-10
s_000613,u_00613,Pro,2025-01-02,,1,549,340.54,19.99,True,monthly,2026-07-05,NL,referral,mobile,44,2025-01
s_000614,u_00614,Basic,2025-07-27,,1,343,113.85,9.99,True,monthly,2026-06-22,NL,partner,desktop,64,2025-07
s_000615,u_00615,Basic,2024-09-09,2026-06-26,0,655,221.5,9.99,False,monthly,2026-06-12,FR,web,mobile,34,2024-09
s_000616,u_00616,Basic,2024-11-02,,1,610,187.8,9.99,True,monthly,2026-06-25,DE,mobile,desktop,29,2024-11
s_000617,u_00617,Basic,2025-05-01,,1,430,136.02,9.99,True,monthly,2026-07-02,DE,mobile,desktop,36,2025-05
s_000618,u_00618,Basic,2025-11-23,,1,224,77.19,9.99,False,monthly,2026-06-15,FR,mobile,mobile,26,2025-11
s_000619,u_00619,Pro,2026-01-04,,1,182,118.99,19.99,True,monthly,2026-07-04,FR,referral,tablet,47,2026-01
s_000620,u_00620,Pro,2024-03-20,2026-06-25,0,827,539.91,19.99,True,monthly,2026-06-20,FR,partner,desktop,51,2024-03
s_000621,u_00621,Pro,2025-09-01,,1,307,206.95,19.99,True,monthly,2026-07-03,DE,mobile,desktop,59,2025-09
s_000622,u_00622,Pro,2025-08-09,,1,330,217.62,19.99,True,yearly,2026-06-28,UK,web,desktop,68,2025-08
s_000623,u_00623,Basic,2024-10-13,,1,630,191.3,9.99,False,monthly,2026-07-06,NL,web,desktop,21,2024-10
s_000624,u_00624,Basic,2025-09-29,,1,279,95.16,9.99,True,yearly,2026-07-06,UK,web,desktop,30,2025-09
s_000625,u_00625,Pro,2025-06-21,,1,379,262.94,19.99,False,monthly,2026-07-02,NL,web,mobile,33,2025-06
s_000626,u_00626,Basic,2024-09-24,2026-06-03,0,617,186.56,9.99,True,monthly,2026-05-14,UK,web,desktop,30,2024-09
s_000627,u_00627,Basic,2024-12-23,,1,559,171.22,9.99,False,yearly,2026-06-30,DE,web,mobile,61,2024-12
s_000628,u_00628,Basic,2024-11-09,2026-05-30,0,567,189.81,9.99,False,monthly,2026-05-22,FR,web,desktop,25,2024-11
s_000629,u_00629,Premium,2026-01-27,,1,159,211.29,39.99,False,monthly,2026-06-26,UK,mobile,desktop,19,2026-01
s_000630,u_00630,Pro,2025-04-09,,1,452,288.98,19.99,True,monthly,2026-06-28,DE,web,mobile,62,2025-04
s_000631,u_00631,Basic,2025-04-07,,1,454,148.62,9.99,True,monthly,2026-06-14,NL,referral,desktop,67,2025-04
s_000632,u_00632,Pro,2024-11-23,,1,589,395.3,19.99,True,monthly,2026-06-24,ES,mobile,mobile,29,2024-11
s_000633,u_00633,Basic,2025-12-10,,1,207,67.58,9.99,True,monthly,2026-06-24,FR,web,desktop,35,2025-12
s_000634,u_00634,Basic,2025-12-16,,1,201,61.95,9.99,True,monthly,2026-06-15,UK,web,tablet,44,2025-12
s_000635,u_00635,Basic,2024-08-04,2026-05-31,0,665,202.27,9.99,False,monthly,2026-05-28,FR,web,mobile,45,2024-08
s_000636,u_00636,Basic,2024-10-20,,1,623,200.69,9.99,True,monthly,2026-07-02,FR,partner,mobile,69,2024-10
s_000637,u_00637,Pro,2024-06-23,,1,742,514.11,19.99,False,monthly,2026-06-28,IT,web,desktop,39,2024-06
s_000638,u_00638,Basic,2025-09-01,,1,307,100.89,9.99,True,monthly,2026-07-04,IT,web,desktop,18,2025-09
s_000639,u_00639,Pro,2024-01-25,2026-06-03,0,860,546.53,19.99,False,monthly,2026-05-22,DE,referral,desktop,39,2024-01
s_000640,u_00640,Basic,2025-09-03,,1,305,105.6,9.99,True,monthly,2026-07-05,ES,partner,desktop,46,2025-09
s_000641,u_00641,Pro,2024-11-07,,1,605,386.96,19.99,True,monthly,2026-06-26,DE,web,desktop,44,2024-11
s_000642,u_00642,Pro,2025-11-27,,1,220,143.78,19.99,False,monthly,2026-06-16,DE,web,desktop,44,2025-11
s_000643,u_00643,Pro,2024-03-29,,1,828,506.8,19.99,False,monthly,2026-06-14,FR,web,desktop,65,2024-03
s_000644,u_00644,Pro,2025-07-23,,1,347,234.34,19.99,False,monthly,2026-06-12,FR,web,desktop,59,2025-07
s_000645,u_00645,Premium,2024-07-03,,1,732,982.02,39.99,False,monthly,2026-06-13,IT,web,desktop,31,2024-07
s_000646,u_00646,Basic,2025-07-25,,1,345,117.42,9.99,True,yearly,2026-06-21,ES,mobile,desktop,36,2025-07
s_000647,u_00647,Pro,2024-07-19,2026-06-24,0,705,445.7,19.99,False,yearly,2026-06-01,FR,referral,desktop,52,2024-07
s_000648,u_00648,Pro,2025-04-24,,1,437,281.76,19.99,True,monthly,2026-06-21,UK,web,mobile,39,2025-04
s_000649,u_00649,Basic,2026-01-11,,1,175,54.23,9.99,True,monthly,2026-06-26,IT,mobile,desktop,40,2026-01
s_000650,u_00650,Basic,2025-11-17,2026-06-27,0,222,77.23,9.99,True,monthly,2026-06-17,FR,web,desktop,26,2025-11
s_000651,u_00651,Basic,2024-10-13,,1,630,191.82,9.99,True,yearly,2026-07-02,UK,referral,desktop,31,2024-10
s_000652,u_00652,Basic,2025-11-13,,1,234,78.05,9.99,True,yearly,2026-07-04,ES,mobile,mobile,56,2025-11
s_000653,u_00653,Basic,2025-09-11,2026-05-23,0,254,85.07,9.99,False,monthly,2026-05-23,IT,referral,desktop,61,2025-09
s_000654,u_00654,Basic,2025-01-26,,1,525,161.79,9.99,True,monthly,2026-07-04,FR,partner,mobile,58,2025-01
s_000655,u_00655,Pro,2025-09-22,,1,286,182.59,19.99,False,monthly,2026-06-30,ES,web,tablet,34,2025-09
s_000656,u_00656,Basic,2026-01-09,,1,177,53.73,9.99,True,yearly,2026-06-23,FR,web,desktop,25,2026-01
s_000657,u_00657,Pro,2024-12-05,,1,577,378.78,19.99,True,yearly,2026-06-25,ES,web,mobile,26,2024-12
s_000658,u_00658,Basic,2024-09-26,,1,647,226.41,9.99,True,monthly,2026-06-24,FR,web,mobile,38,2024-09
s_000659,u_00659,Pro,2024-08-31,,1,673,433.16,19.99,True,monthly,2026-06-24,UK,partner,desktop,44,2024-08
s_000660,u_00660,Basic,2024-03-09,,1,848,296.43,9.99,True,monthly,2026-06-12,UK,web,desktop,64,2024-03
s_000661,u_00661,Basic,2025-12-31,,1,186,57.22,9.99,True,monthly,2026-07-01,FR,mobile,mobile,64,2025-12
s_000662,u_00662,Basic,2025-04-28,,1,433,138.58,9.99,True,yearly,2026-06-25,ES,mobile,tablet,18,2025-04
s_000663,u_00663,Pro,2025-10-10,2026-05-27,0,229,157.98,19.99,True,monthly,2026-05-21,FR,web,desktop,54,2025-10
s_000664,u_00664,Basic,2024-04-21,,1,805,276.85,9.99,False,monthly,2026-07-02,FR,web,desktop,33,2024-04
s_000665,u_00665,Premium,2025-02-04,,1,516,653.7,39.99,True,monthly,2026-07-05,FR,mobile,mobile,28,2025-02
s_000666,u_00666,Basic,2026-01-25,,1,161,54.04,9.99,False,monthly,2026-06-28,IT,mobile,desktop,46,2026-01
s_000667,u_00667,Pro,2024-10-09,2026-04-24,0,562,386.81,19.99,False,yearly,2026-04-20,DE,web,mobile,19,2024-10
s_000668,u_00668,Basic,2025-11-11,,1,236,80.11,9.99,True,monthly,2026-06-30,NL,web,desktop,35,2025-11
s_000669,u_00669,Pro,2025-09-03,,1,305,202.73,19.99,True,yearly,2026-06-19,FR,mobile,mobile,46,2025-09
s_000670,u_00670,Basic,2024-09-04,,1,669,205.91,9.99,True,monthly,2026-06-16,UK,web,mobile,32,2024-09
s_000671,u_00671,Basic,2025-03-03,,1,489,148.64,9.99,True,monthly,2026-06-24,FR,referral,mobile,48,2025-03
s_000672,u_00672,Basic,2024-08-09,,1,695,229.96,9.99,True,monthly,2026-07-05,UK,web,mobile,41,2024-08
s_000673,u_00673,Basic,2025-01-09,,1,542,176.31,9.99,False,monthly,2026-06-18,NL,web,mobile,59,2025-01
s_000674,u_00674,Basic,2024-06-10,,1,755,235.56,9.99,True,monthly,2026-07-03,IT,web,mobile,27,2024-06
s_000675,u_00675,Premium,2025-01-07,,1,544,685.74,39.99,True,monthly,2026-07-05,UK,web,mobile,20,2025-01
s_000676,u_00676,Basic,2026-03-02,,1,125,40.23,9.99,True,monthly,2026-06-22,UK,web,desktop,45,2026-03
s_000677,u_00677,Basic,2026-02-17,,1,138,45.1,9.99,True,monthly,2026-06-26,NL,web,mobile,31,2026-02
s_000678,u_00678,Premium,2024-07-21,,1,714,913.58,39.99,True,monthly,2026-06-29,UK,partner,desktop,54,2024-07
s_000679,u_00679,Basic,2025-11-20,2026-06-28,0,220,70.19,9.99,True,monthly,2026-06-26,FR,web,mobile,22,2025-11
s_000680,u_00680,Basic,2025-06-17,,1,383,117.3,9.99,False,yearly,2026-07-05,UK,web,mobile,47,2025-06
s_000681,u_00681,Pro,2026-01-25,,1,161,111.17,19.99,True,yearly,2026-06-22,FR,web,desktop,69,2026-01
s_000682,u_00682,Premium,2025-08-13,,1,326,432.13,39.99,True,monthly,2026-06-26,FR,web,desktop,22,2025-08
s_000683,u_00683,Pro,2024-12-24,,1,558,343.4,19.99,True,monthly,2026-06-16,FR,mobile,desktop,33,2024-12
s_000684,u_00684,Basic,2025-11-24,,1,223,71.88,9.99,True,monthly,2026-07-05,UK,web,mobile,61,2025-11
s_000685,u_00685,Premium,2025-04-01,,1,460,591.47,39.99,False,yearly,2026-06-26,IT,mobile,desktop,45,2025-04
s_000686,u_00686,Basic,2024-02-08,,1,878,289.81,9.99,False,monthly,2026-07-03,FR,web,desktop,27,2024-02
s_000687,u_00687,Premium,2026-02-09,,1,146,194.25,39.99,False,monthly,2026-07-05,UK,partner,mobile,29,2026-02
s_000688,u_00688,Pro,2026-02-16,,1,139,92.99,19.99,True,monthly,2026-06-25,NL,web,mobile,57,2026-02
s_000689,u_00689,Premium,2025-09-03,,1,305,409.81,39.99,True,yearly,2026-06-18,DE,referral,desktop,62,2025-09
s_000690,u_00690,Basic,2024-06-26,,1,739,225.6,9.99,False,monthly,2026-07-03,UK,web,desktop,36,2024-06
s_000691,u_00691,Basic,2025-05-23,,1,408,128.81,9.99,True,monthly,2026-06-15,FR,web,tablet,42,2025-05
s_000692,u_00692,Pro,2024-11-09,,1,603,363.27,19.99,True,monthly,2026-06-24,ES,referral,mobile,58,2024-11
s_000693,u_00693,Basic,2025-11-05,,1,242,78.35,9.99,True,monthly,2026-06-24,FR,mobile,mobile,27,2025-11
s_000694,u_00694,Basic,2024-09-02,,1,671,215.81,9.99,True,yearly,2026-06-13,FR,mobile,desktop,28,2024-09
s_000695,u_00695,Premium,2026-02-16,,1,139,188.51,39.99,False,monthly,2026-06-28,ES,web,desktop,58,2026-02
s_000696,u_00696,Pro,2024-09-12,,1,661,408.06,19.99,True,monthly,2026-07-01,UK,mobile,desktop,27,2024-09
s_000697,u_00697,Basic,2025-12-10,,1,207,68.9,9.99,False,monthly,2026-06-17,DE,referral,mobile,58,2025-12
s_000698,u_00698,Basic,2024-05-27,2026-04-11,0,684,215.47,9.99,True,monthly,2026-03-21,UK,mobile,desktop,43,2024-05
s_000699,u_00699,Basic,2025-08-13,2026-06-15,0,306,97.55,9.99,True,monthly,2026-05-22,IT,web,desktop,69,2025-08
s_000700,u_00700,Basic,2025-11-15,,1,232,78.2,9.99,True,monthly,2026-06-25,FR,mobile,mobile,19,2025-11
s_000701,u_00701,Basic,2025-07-15,,1,355,107.97,9.99,True,yearly,2026-06-21,FR,mobile,tablet,67,2025-07
s_000702,u_00702,Pro,2025-12-08,,1,209,133.13,19.99,True,monthly,2026-06-14,FR,partner,mobile,29,2025-12
s_000703,u_00703,Pro,2025-12-10,2026-04-13,0,124,79.21,19.99,True,monthly,2026-04-06,FR,web,desktop,19,2025-12
s_000704,u_00704,Basic,2024-12-14,,1,568,190.87,9.99,True,monthly,2026-06-25,ES,web,desktop,55,2024-12
s_000705,u_00705,Basic,2025-08-14,,1,325,100.95,9.99,False,monthly,2026-06-21,FR,referral,desktop,45,2025-08
s_000706,u_00706,Pro,2025-07-02,,1,368,256.23,19.99,True,monthly,2026-06-20,UK,web,desktop,61,2025-07
s_000707,u_00707,Pro,2024-06-23,,1,742,519.67,19.99,True,monthly,2026-06-13,DE,mobile,desktop,23,2024-06
s_000708,u_00708,Premium,2026-01-11,,1,175,239.97,39.99,True,monthly,2026-06-24,DE,web,desktop,22,2026-01
s_000709,u_00709,Basic,2025-06-01,,1,399,125.87,9.99,False,monthly,2026-07-02,UK,web,mobile,47,2025-06
s_000710,u_00710,Pro,2025-11-17,,1,230,153.86,19.99,True,monthly,2026-07-02,UK,mobile,mobile,63,2025-11
s_000711,u_00711,Basic,2025-03-31,,1,461,140.38,9.99,True,monthly,2026-06-16,NL,web,tablet,39,2025-03
s_000712,u_00712,Basic,2025-07-16,,1,354,121.84,9.99,True,monthly,2026-06-25,IT,web,desktop,59,2025-07
s_000713,u_00713,Premium,2025-12-01,,1,216,282.72,39.99,True,monthly,2026-06-21,DE,mobile,desktop,65,2025-12
s_000714,u_00714,Basic,2026-02-14,,1,141,43.81,9.99,True,yearly,2026-06-22,ES,mobile,desktop,63,2026-02
s_000715,u_00715,Basic,2024-05-30,,1,766,242.41,9.99,True,monthly,2026-06-16,DE,referral,desktop,44,2024-05
s_000716,u_00716,Basic,2025-12-30,,1,187,63.86,9.99,False,monthly,2026-07-01,FR,web,desktop,54,2025-12
s_000717,u_00717,Basic,2024-07-19,,1,716,246.05,9.99,True,monthly,2026-07-02,UK,web,desktop,45,2024-07
s_000718,u_00718,Basic,2024-04-12,,1,814,265.41,9.99,True,monthly,2026-06-18,FR,partner,mobile,53,2024-04
s_000719,u_00719,Pro,2025-03-29,,1,463,300.54,19.99,True,monthly,2026-06-26,IT,web,desktop,47,2025-03
s_000720,u_00720,Basic,2025-07-29,,1,341,115.32,9.99,True,monthly,2026-06-16,NL,web,mobile,45,2025-07
s_000721,u_00721,Basic,2024-07-31,,1,704,240.38,9.99,True,monthly,2026-07-03,UK,web,desktop,40,2024-07
s_000722,u_00722,Premium,2024-02-20,,1,866,1172.73,39.99,True,monthly,2026-06-30,UK,web,desktop,51,2024-02
s_000723,u_00723,Basic,2026-01-10,2026-06-27,0,168,53.58,9.99,True,monthly,2026-06-06,FR,referral,desktop,57,2026-01
s_000724,u_00724,Premium,2024-02-18,,1,868,1154.08,39.99,True,monthly,2026-07-05,NL,mobile,desktop,65,2024-02
s_000725,u_00725,Basic,2024-03-14,,1,843,289.09,9.99,True,monthly,2026-06-16,FR,mobile,desktop,49,2024-03
s_000726,u_00726,Pro,2025-12-18,,1,199,122.97,19.99,False,monthly,2026-07-05,FR,web,tablet,23,2025-12
s_000727,u_00727,Basic,2025-12-07,,1,210,67.33,9.99,True,yearly,2026-07-03,FR,web,desktop,48,2025-12
s_000728,u_00728,Pro,2024-09-11,,1,662,401.35,19.99,True,monthly,2026-06-14,FR,web,desktop,34,2024-09
s_000729,u_00729,Basic,2026-02-16,,1,139,44.82,9.99,False,monthly,2026-07-03,UK,web,mobile,19,2026-02
s_000730,u_00730,Premium,2024-12-20,2026-04-29,0,495,670.29,39.99,False,monthly,2026-04-26,UK,web,desktop,21,2024-12
s_000731,u_00731,Basic,2026-02-27,,1,128,39.93,9.99,True,monthly,2026-06-22,FR,web,mobile,48,2026-02
s_000732,u_00732,Pro,2024-10-02,2026-04-07,0,552,360.93,19.99,False,yearly,2026-03-31,FR,web,desktop,67,2024-10
s_000733,u_00733,Basic,2025-10-13,,1,265,80.21,9.99,True,monthly,2026-06-28,FR,mobile,mobile,44,2025-10
s_000734,u_00734,Basic,2026-01-20,,1,166,57.54,9.99,True,monthly,2026-06-20,UK,mobile,desktop,41,2026-01
s_000735,u_00735,Basic,2026-02-21,,1,134,45.99,9.99,False,yearly,2026-06-24,FR,web,desktop,22,2026-02
s_000736,u_00736,Basic,2025-11-13,,1,234,76.59,9.99,False,monthly,2026-07-02,IT,web,mobile,53,2025-11
s_000737,u_00737,Basic,2025-02-03,,1,517,173.51,9.99,True,monthly,2026-06-25,FR,mobile,mobile,20,2025-02
s_000738,u_00738,Pro,2026-02-23,,1,132,81.14,19.99,True,monthly,2026-06-25,FR,mobile,desktop,61,2026-02
s_000739,u_00739,Basic,2024-07-16,2026-05-03,0,656,224.3,9.99,True,monthly,2026-04-20,UK,referral,mobile,60,2024-07
s_000740,u_00740,Basic,2024-12-13,,1,569,191.19,9.99,True,monthly,2026-06-28,UK,web,desktop,69,2024-12
s_000741,u_00741,Basic,2025-08-22,,1,317,97.21,9.99,False,monthly,2026-06-28,FR,referral,desktop,32,2025-08
s_000742,u_00742,Basic,2024-01-31,,1,886,309.28,9.99,True,monthly,2026-06-17,FR,web,desktop,26,2024-01
s_000743,u_00743,Basic,2024-10-30,,1,613,184.71,9.99,True,monthly,2026-06-30,ES,web,mobile,33,2024-10
s_000744,u_00744,Pro,2024-10-23,,1,620,411.42,19.99,True,monthly,2026-06-28,FR,web,desktop,59,2024-10
s_000745,u_00745,Basic,2025-12-01,,1,216,66.9,9.99,True,monthly,2026-07-03,UK,web,mobile,29,2025-12
s_000746,u_00746,Premium,2024-09-28,,1,645,867.91,39.99,True,monthly,2026-06-19,UK,web,desktop,64,2024-09
s_000747,u_00747,Basic,2025-01-19,,1,532,161.61,9.99,False,monthly,2026-06-19,FR,web,mobile,26,2025-01
s_000748,u_00748,Basic,2024-02-18,,1,868,263.96,9.99,True,monthly,2026-06-20,UK,mobile,mobile,20,2024-02
s_000749,u_00749,Premium,2025-04-04,,1,457,592.16,39.99,True,yearly,2026-07-02,DE,web,desktop,29,2025-04
s_000750,u_00750,Basic,2024-10-16,,1,627,219.39,9.99,True,monthly,2026-06-25,ES,web,desktop,57,2024-10
s_000751,u_00751,Basic,2025-07-06,2026-04-28,0,296,92.8,9.99,True,monthly,2026-04-09,FR,web,desktop,49,2025-07
s_000752,u_00752,Premium,2025-11-24,,1,223,296.17,39.99,True,monthly,2026-06-28,FR,web,mobile,36,2025-11
s_000753,u_00753,Premium,2026-01-05,,1,181,237.22,39.99,True,monthly,2026-06-26,FR,web,desktop,52,2026-01
s_000754,u_00754,Pro,2024-05-23,,1,773,529.32,19.99,True,monthly,2026-06-25,UK,web,desktop,51,2024-05
s_000755,u_00755,Basic,2024-09-03,,1,670,210.77,9.99,True,yearly,2026-06-17,IT,web,desktop,46,2024-09
s_000756,u_00756,Pro,2025-06-17,2026-06-04,0,352,230.62,19.99,False,monthly,2026-05-15,FR,mobile,mobile,44,2025-06
s_000757,u_00757,Premium,2024-10-06,,1,637,886.68,39.99,True,monthly,2026-06-26,FR,referral,desktop,23,2024-10
s_000758,u_00758,Premium,2025-11-19,,1,228,289.96,39.99,True,yearly,2026-06-16,NL,web,desktop,31,2025-11
s_000759,u_00759,Basic,2025-12-22,,1,195,63.04,9.99,True,monthly,2026-06-15,FR,mobile,tablet,45,2025-12
s_000760,u_00760,Basic,2025-02-22,,1,498,171.7,9.99,True,yearly,2026-06-23,UK,referral,desktop,25,2025-02
s_000761,u_00761,Basic,2024-11-19,2026-06-02,0,560,177.13,9.99,False,monthly,2026-05-11,IT,partner,mobile,42,2024-11
s_000762,u_00762,Basic,2024-03-21,2026-06-16,0,817,260.39,9.99,True,monthly,2026-06-10,FR,mobile,desktop,24,2024-03
s_000763,u_00763,Pro,2024-08-11,,1,693,437.29,19.99,True,yearly,2026-06-19,FR,referral,desktop,58,2024-08
s_000764,u_00764,Basic,2025-09-22,,1,286,97.62,9.99,True,monthly,2026-06-25,FR,referral,mobile,23,2025-09
s_000765,u_00765,Basic,2024-06-19,,1,746,258.59,9.99,False,monthly,2026-07-03,NL,mobile,mobile,22,2024-06
s_000766,u_00766,Basic,2025-03-15,,1,477,158.32,9.99,True,monthly,2026-06-27,FR,web,mobile,51,2025-03
s_000767,u_00767,Basic,2024-06-08,,1,757,250.78,9.99,True,monthly,2026-06-12,FR,web,desktop,29,2024-06
s_000768,u_00768,Basic,2025-11-20,,1,227,72.77,9.99,True,monthly,2026-06-13,FR,web,desktop,36,2025-11
s_000769,u_00769,Basic,2025-12-07,,1,210,63.37,9.99,True,monthly,2026-06-17,FR,web,desktop,34,2025-12
s_000770,u_00770,Basic,2025-11-04,2026-06-30,0,238,73.4,9.99,False,monthly,2026-06-16,IT,web,desktop,29,2025-11
s_000771,u_00771,Premium,2024-02-12,,1,874,1075.53,39.99,True,monthly,2026-06-18,FR,web,desktop,57,2024-02
s_000772,u_00772,Basic,2026-02-08,,1,147,45.21,9.99,True,monthly,2026-07-02,UK,mobile,desktop,53,2026-02
s_000773,u_00773,Basic,2024-03-23,,1,834,277.53,9.99,True,monthly,2026-06-29,UK,mobile,desktop,30,2024-03
s_000774,u_00774,Basic,2024-08-28,,1,676,207.51,9.99,False,monthly,2026-07-02,ES,referral,desktop,53,2024-08
s_000775,u_00775,Basic,2025-12-27,,1,190,58.06,9.99,True,monthly,2026-06-13,FR,web,desktop,55,2025-12
s_000776,u_00776,Basic,2024-05-15,,1,781,249.31,9.99,True,monthly,2026-06-21,ES,web,desktop,46,2024-05
s_000777,u_00777,Basic,2025-12-27,,1,190,59.62,9.99,False,monthly,2026-06-13,UK,mobile,mobile,48,2025-12
s_000778,u_00778,Basic,2025-12-31,,1,186,57.41,9.99,True,monthly,2026-06-26,FR,referral,mobile,66,2025-12
s_000779,u_00779,Basic,2025-01-10,,1,541,166.39,9.99,False,monthly,2026-06-26,DE,partner,desktop,41,2025-01
s_000780,u_00780,Pro,2025-09-04,,1,304,190.72,19.99,False,monthly,2026-06-20,ES,referral,mobile,38,2025-09
s_000781,u_00781,Basic,2025-08-15,,1,324,106.12,9.99,True,monthly,2026-06-22,FR,referral,mobile,46,2025-08
s_000782,u_00782,Basic,2025-11-04,,1,243,82.37,9.99,True,yearly,2026-06-27,NL,web,desktop,61,2025-11
s_000783,u_00783,Pro,2024-12-13,,1,569,390.41,19.99,True,yearly,2026-06-29,UK,web,desktop,54,2024-12
s_000784,u_00784,Basic,2026-01-21,2026-05-18,0,117,39.46,9.99,False,monthly,2026-05-17,UK,web,desktop,21,2026-01
s_000785,u_00785,Basic,2025-10-05,,1,273,90.72,9.99,False,yearly,2026-07-02,NL,mobile,desktop,41,2025-10
s_000786,u_00786,Basic,2025-01-15,,1,536,185.28,9.99,False,yearly,2026-07-05,UK,referral,mobile,56,2025-01
s_000787,u_00787,Basic,2025-03-28,,1,464,151.43,9.99,True,monthly,2026-07-03,DE,web,tablet,29,2025-03
s_000788,u_00788,Basic,2024-09-21,,1,652,216.36,9.99,True,monthly,2026-07-02,FR,mobile,desktop,69,2024-09
s_000789,u_00789,Premium,2025-10-22,,1,256,329.47,39.99,True,monthly,2026-07-05,DE,web,mobile,60,2025-10
s_000790,u_00790,Premium,2024-11-15,,1,597,756.57,39.99,True,monthly,2026-07-05,UK,web,desktop,62,2024-11
s_000791,u_00791,Premium,2024-08-10,,1,694,879.89,39.99,True,monthly,2026-06-16,FR,web,mobile,22,2024-08
s_000792,u_00792,Basic,2025-06-11,,1,389,119.77,9.99,False,monthly,2026-07-02,UK,web,mobile,48,2025-06
s_000793,u_00793,Basic,2025-09-25,2026-05-21,0,238,80.8,9.99,True,monthly,2026-05-19,FR,partner,desktop,45,2025-09
s_000794,u_00794,Basic,2025-01-31,,1,520,157.58,9.99,True,yearly,2026-06-13,FR,web,desktop,50,2025-01
s_000795,u_00795,Basic,2025-01-03,,1,548,183.04,9.99,True,monthly,2026-07-01,FR,referral,mobile,62,2025-01
s_000796,u_00796,Basic,2026-02-09,,1,146,50.4,9.99,True,monthly,2026-06-18,FR,mobile,tablet,36,2026-02
s_000797,u_00797,Basic,2025-01-15,,1,536,174.28,9.99,False,monthly,2026-06-20,FR,web,desktop,45,2025-01
s_000798,u_00798,Basic,2025-12-21,,1,196,59.73,9.99,True,monthly,2026-06-17,FR,web,desktop,53,2025-12
s_000799,u_00799,Basic,2025-01-16,,1,535,172.11,9.99,True,yearly,2026-06-21,DE,referral,desktop,57,2025-01
s_000800,u_00800,Basic,2024-03-16,,1,841,266.78,9.99,True,monthly,2026-06-24,IT,web,mobile,58,2024-03
